median_income,percent_college,percent_lunch,percent_married,rate_unemployment,school_level,school_type,state,year,zip_code,average_act,region
66492.0,0.599102468212416,0.230769230769231,0.881448957189901,0.109261630388391,High,Regular School,IL,2016-2017,61024,19.9,illinois
76037.0,0.611076016003369,0.460406750324535,0.768086816720257,0.104947526236882,High,Regular School,IL,2016-2017,60099,18.4,illinois
68371.0,0.83213644524237,0.255147717099373,0.525547445255474,0.0916844349680171,High,Regular School,WA,2016-2017,98125,23.4981684981685,washington
61250.0,0.621196581196581,0.242016806722689,0.661754385964912,0.159807956104252,High,Regular School,WA,2016-2017,98373,21.5689865689866,washington
38182.0,0.620830496936692,0.363920750782065,0.615611192930781,0.134357005758157,High,Regular School,WA,2016-2017,98532,22.5946275946276,washington
27596.385704780543,0.4188926752577914,0.889632107023411,0.44039199424282777,0.15205643323833845,High,Regular School,IL,2016-2017,60615,17.7,illinois
65398.0,0.614003590664273,0.228699551569507,0.67965367965368,0.0690041029466617,High,Regular School,IL,2016-2017,62670,21.1,illinois
50707.0,0.286855482933914,0.625972762645914,0.529106029106029,0.140100071479628,High,Regular School,IL,2016-2017,60073,18.0,illinois
41062.0,0.359717076456719,0.986425339366516,0.731991525423729,0.0611273792093704,High,Regular School,WA,2016-2017,98813,18.003663003663,washington
58975.0,0.662442396313364,0.121394230769231,0.829931972789116,0.0402663284717819,High,Regular School,IL,2016-2017,61254,21.7,illinois
45781.0,0.497257053291536,0.676549865229111,0.560061208875287,0.0963529941467807,High,Regular School,WA,2016-2017,98146,18.5164835164835,washington
52393.0,0.785548865215377,0.800424628450106,0.438297872340426,0.116675839295542,High,Regular School,IL,2016-2017,60608,16.9,illinois
19568.0,0.439801699716714,0.974874371859296,0.0,0.428140703517588,High,Regular School,IL,2016-2017,60621,15.0,illinois
57207.0,0.686131386861314,0.128293241695304,0.577565632458234,0.100354789660416,High,Regular School,WA,2016-2017,98388,22.5213675213675,washington
63862.0,0.840850751741841,0.0880905511811024,0.635811836115326,0.0625,High,Regular School,WA,2016-2017,98027,25.989010989011,washington
82673.0,0.713859910581222,0.395672333848532,0.810136157337368,0.0936628138700678,High,Regular School,IL,2016-2017,60655,20.4,illinois
150785.0,0.939032697547684,0.141449861076029,0.928092042186002,0.0690566037735849,High,Regular School,IL,2016-2017,60525,24.3,illinois
41275.0,0.527908540685945,0.280973451327434,0.566942148760331,0.0828488372093023,High,Regular School,IL,2016-2017,62448,20.2,illinois
46713.0,0.56641431520991,0.334507042253521,0.610044313146233,0.131182795698925,High,Regular School,IL,2016-2017,61326,19.7,illinois
53906.0,0.820459290187891,0.222309505106049,0.624590163934426,0.0679775280898876,High,Regular School,IL,2016-2017,60137,22.9,illinois
56250.0,0.718547341115435,0.644239631336405,0.693726937269373,0.117323556370302,High,Regular School,IL,2016-2017,62522,17.8,illinois
71302.0,0.540313754104341,0.240863787375415,0.799485861182519,0.124417353890283,High,Regular School,IL,2016-2017,60416,21.1,illinois
60543.0,0.798643493005511,0.331737673528004,0.712727272727273,0.0799825174825175,High,Regular School,IL,2016-2017,61265,20.4,illinois
49183.0,0.736842105263158,0.211267605633803,0.621621621621622,0.0916149068322981,High,Regular School,WA,2016-2017,98221,23.1807081807082,washington
57336.0,0.705882352941177,0.23614663256607,0.706617647058824,0.0550611790878754,High,Regular School,WA,2016-2017,98501,22.7899877899878,washington
47452.0,0.55765595463138,0.382953181272509,0.601827676240209,0.0376128385155466,High,Regular School,IL,2016-2017,62568,20.0,illinois
50915.0,0.712897526501767,0.395061728395062,0.771428571428571,0.1067472306143,High,Regular School,WA,2016-2017,99347,19.5909645909646,washington
49375.0,0.462558717877867,0.912951167728238,0.553996339231239,0.113576642335766,High,Regular School,IL,2016-2017,60625,15.7,illinois
22891.0,0.710779082177161,0.966911764705882,0.414285714285714,0.168175937904269,High,Regular School,IL,2016-2017,60653,15.0,illinois
58611.0,0.674653687757394,0.288888888888889,0.634285714285714,0.0916398713826367,High,Regular School,IL,2016-2017,60805,20.5,illinois
47763.0,0.430745814307458,0.728634850166482,0.564680232558139,0.145065398335315,High,Regular School,IL,2016-2017,60406,17.4,illinois
39693.0,0.557458563535912,0.240875912408759,0.697283311772316,0.0481550969355847,High,Regular School,IL,2016-2017,62288,18.4,illinois
42955.0,0.642195540308748,0.629703963873557,0.595582635186596,0.0679738562091503,High,Regular School,WA,2016-2017,98908,18.956043956044,washington
52841.0,0.444561774023231,0.594915254237288,0.689858082381447,0.069559864573715,High,Regular School,WA,2016-2017,99326,18.6385836385836,washington
33290.0,0.581322957198444,0.525835866261398,0.311965811965812,0.162992125984252,High,Regular School,IL,2016-2017,61071,19.5,illinois
27031.0,0.446633825944171,0.792682926829268,0.110599078341014,0.237529691211401,High,Regular School,IL,2016-2017,60612,14.5,illinois
37877.0,0.529675810473816,0.431693989071038,0.588924387646432,0.0964203233256351,High,Regular School,IL,2016-2017,61422,17.7,illinois
23750.0,0.335053592695514,0.937710437710438,0.324056895485467,0.201072386058981,High,Regular School,IL,2016-2017,60624,14.8,illinois
44500.0,0.570539419087137,0.301282051282051,0.785079928952043,0.100987091875475,High,Regular School,IL,2016-2017,61041,21.0,illinois
32037.0,0.490833333333333,0.343615494978479,0.152230971128609,0.143280632411067,High,Regular School,IL,2016-2017,62704,21.2,illinois
74132.0,0.612523719165085,0.213350785340314,0.683294663573086,0.123312331233123,High,Regular School,WA,2016-2017,98259,21.6910866910867,washington
66525.0,0.541960281870596,0.103047091412742,0.742394822006472,0.0917933130699088,High,Regular School,IL,2016-2017,60014,22.5,illinois
43958.0,0.219929453262787,0.966728280961183,0.727697622434465,0.0888962876643915,High,Regular School,WA,2016-2017,99349,17.3687423687424,washington
60142.0,0.698430493273543,0.145953757225434,0.931203931203931,0.085573476702509,High,Regular School,WA,2016-2017,98606,22.008547008547,washington
58314.0,0.570952092177077,0.394944707740916,0.73678963110668,0.112227805695142,High,Regular School,WA,2016-2017,98579,22.1550671550672,washington
84983.0,0.754836464857342,0.177791262135922,0.779283976364268,0.0535495495495495,High,Regular School,IL,2016-2017,60560,20.8,illinois
38333.0,0.498238550578762,0.578046324269889,0.399540757749713,0.1256038647343,High,Regular School,WA,2016-2017,98444,19.3223443223443,washington
57083.0,0.662371134020619,0.268011527377522,0.745327102803738,0.0503640776699029,High,Regular School,IL,2016-2017,62675,20.6,illinois
67311.0,0.770444763271162,0.295819935691318,0.641509433962264,0.0504975124378109,High,Regular School,WA,2016-2017,98043,21.3736263736264,washington
41071.0,0.687311178247734,0.363057324840764,0.698254364089776,0.0723562152133581,High,Regular School,WA,2016-2017,99328,21.3980463980464,washington
75804.0,0.649076517150396,0.951071878940731,0.782608695652174,0.180656934306569,High,Regular School,IL,2016-2017,60616,14.7,illinois
70000.0,0.569837189374464,0.377124483233808,0.572727272727273,0.0699666825321276,High,Regular School,IL,2016-2017,61115,20.1,illinois
38656.0,0.683111954459203,0.356589147286822,0.735966735966736,0.0372914622178607,High,Regular School,WA,2016-2017,99205,21.4957264957265,washington
68924.0,0.673671199011125,0.44650666362229535,0.554577464788732,0.16051912568306,High,Regular School,IL,2016-2017,60473,16.5,illinois
55286.0,0.620720720720721,0.225666906993511,0.720119521912351,0.0327790973871734,High,Regular School,WA,2016-2017,98022,21.3247863247863,washington
58889.0,0.6076,0.225563909774436,0.761452031114952,0.054006968641115,High,Regular School,IL,2016-2017,61734,20.5,illinois
47083.0,0.646396396396396,0.745622119815668,0.290763968072976,0.196479738027016,High,Regular School,IL,2016-2017,60471,17.2,illinois
24362.0,0.877038043478261,0.375952582557155,0.610820244328098,0.120940649496081,High,Regular School,WA,2016-2017,99004,22.7167277167277,washington
79596.0,0.767898383371824,0.199739752765127,0.846855059252507,0.046075751659508,High,Regular School,IL,2016-2017,60014,22.0,illinois
53577.0,0.539238721804511,0.282148670645686,0.65375854214123,0.103908955962395,High,Regular School,IL,2016-2017,60008,22.6,illinois
20938.0,0.645344129554656,0.67964824120603,0.0948745910577972,0.163687676387582,High,Regular School,IL,2016-2017,60653,20.6,illinois
56613.0,0.582334664891256,0.341121495327103,0.709711846318036,0.0692829457364341,High,Regular School,IL,2016-2017,61064,19.0,illinois
41909.0,0.501926782273603,0.418732782369146,0.522439585730725,0.116937598321972,High,Regular School,IL,2016-2017,61883,18.1,illinois
64678.0,0.635347351610327,0.218455743879473,0.751291989664083,0.0472103004291846,High,Regular School,IL,2016-2017,62230,20.7,illinois
76220.0,0.563553370786517,0.221820809248555,0.80133779264214,0.0578606775789874,High,Regular School,WA,2016-2017,98391,20.7387057387057,washington
39375.0,0.508771929824561,0.446700507614213,0.570149253731343,0.101176470588235,High,Regular School,IL,2016-2017,62954,18.1,illinois
72966.0,0.70406015037594,0.261984392419175,0.823439878234399,0.0789028107009821,High,Regular School,WA,2016-2017,98346,22.960927960928,washington
52393.0,0.785548865215377,0.91820580474934,0.438297872340426,0.116675839295542,High,Regular School,IL,2016-2017,60608,16.2,illinois
61382.0,0.834719334719335,0.981269510926119,0.310897435897436,0.163855421686747,High,Regular School,IL,2016-2017,60617,14.8,illinois
40132.0,0.586115992970123,0.327956989247312,0.740771812080537,0.197754210854648,High,Regular School,IL,2016-2017,60020,20.9,illinois
61518.0,0.596836765144733,0.179153094462541,0.723727693324521,0.056542332741267,High,Regular School,IL,2016-2017,62613,20.3,illinois
33449.0,0.120884773662551,0.957142857142857,0.687414500683995,0.210234278668311,High,Regular School,IL,2016-2017,60623,16.8,illinois
64282.0,0.637817497648166,0.695703354914656,0.555102040816327,0.119781631342325,High,Regular School,IL,2016-2017,60402,17.6,illinois
14146.0,0.391120507399577,0.973190348525469,0.00932835820895522,0.220833333333333,High,Regular School,IL,2016-2017,60623,14.4,illinois
52767.0,0.669679027734497,0.198910081743869,0.499720514253773,0.0705363703159442,High,Regular School,WA,2016-2017,98292,22.4481074481074,washington
41349.0,0.788996029495179,0.3808,0.81547619047619,0.0345514950166113,High,Regular School,IL,2016-2017,62450,19.3,illinois
26703.0,0.558275678552422,0.669209431345354,0.294281729428173,0.153130812151271,High,Regular School,WA,2016-2017,98661,17.5152625152625,washington
88540.0,0.654216515903122,0.100082034454471,0.748524203069658,0.0631005765534914,High,Regular School,WA,2016-2017,98059,23.8644688644689,washington
48804.0,0.601626016260163,0.476510067114094,0.646604938271605,0.0642434488588335,High,Regular School,IL,2016-2017,61427,17.8,illinois
72368.0,0.822906641000962,0.283442469597755,0.882352941176471,0.099562363238512,High,Regular School,IL,2016-2017,60625,29.6,illinois
67197.0,0.788461538461538,0.102928870292887,0.681075888568684,0.0658153241650295,High,Regular School,IL,2016-2017,62025,22.9,illinois
79052.0,0.609302325581395,0.254826254826255,0.814694408322497,0.042433234421365,High,Regular School,IL,2016-2017,61088,21.1,illinois
24535.0,0.554916317991632,0.7907133243607,0.33826247689464,0.217024041585445,High,Regular School,IL,2016-2017,62205,15.4,illinois
56017.0,0.563056980826357,0.219551282051282,0.67288474350433,0.136327608982827,High,Regular School,IL,2016-2017,60135,19.7,illinois
123553.0,0.875752599890531,0.10454878943507,0.911025145067698,0.0678702774991642,High,Regular School,IL,2016-2017,60067,25.4,illinois
61905.0,0.606899682251475,0.717948717948718,0.695974576271186,0.0464675201517307,High,Regular School,WA,2016-2017,98118,15.0732600732601,washington
34509.0,0.467680608365019,0.953626634958383,0.4325,0.139240506329114,High,Regular School,IL,2016-2017,60623,16.0,illinois
40904.0,0.398401826484018,0.676866585067319,0.714170367379895,0.124950416501388,High,Regular School,WA,2016-2017,98930,17.1245421245421,washington
39255.0,0.621703089675961,0.69579115610016,0.580228136882129,0.159968479117415,High,Regular School,IL,2016-2017,61108,18.0,illinois
74167.0,0.85505193578848,0.160734787600459,0.711764705882353,0.058641975308642,High,Regular School,WA,2016-2017,98501,24.6214896214896,washington
51890.0,0.499439461883408,0.433774834437086,0.74400871459695,0.0606595995288575,High,Regular School,IL,2016-2017,61910,17.9,illinois
86851.0,0.807291666666667,0.107510288065844,0.888108108108108,0.0847204968944099,High,Regular School,IL,2016-2017,60510,23.4,illinois
58527.0,0.524883784522833,0.504746835443038,0.720556745182013,0.119487107228406,High,Regular School,IL,2016-2017,60545,17.8,illinois
31476.0,0.566914498141264,0.324170616113744,0.546492659053834,0.10942876806607,High,Regular School,WA,2016-2017,98382,23.1318681318681,washington
44524.0,0.599399849962491,0.456018518518519,0.727047146401985,0.0842696629213483,High,Regular School,IL,2016-2017,62420,19.1,illinois
29583.0,0.522829006266786,0.687845303867403,0.61986301369863,0.164490861618799,High,Regular School,WA,2016-2017,98418,17.7594627594628,washington
86791.0,0.809034153507161,0.377544320420223,0.899189918991899,0.0853858784893268,High,Regular School,WA,2016-2017,98012,21.8864468864469,washington
33449.0,0.120884773662551,0.98576512455516,0.687414500683995,0.210234278668311,High,Regular School,IL,2016-2017,60623,15.3,illinois
39167.0,0.542747358309318,0.45625,0.638528138528139,0.0698630136986301,High,Regular School,IL,2016-2017,62938,18.9,illinois
36304.0,0.567437379576108,0.530201342281879,0.473584905660377,0.0644783118405627,High,Regular School,IL,2016-2017,62920,19.5,illinois
63170.0,0.691323470611755,0.331932773109244,0.679332715477294,0.0595887536718422,High,Regular School,IL,2016-2017,60098,21.5,illinois
43068.0,0.736694677871149,0.291891891891892,0.467625899280576,0.0364715860899067,High,Regular School,IL,2016-2017,62821,18.0,illinois
60078.0,0.563318777292576,0.373134328358209,0.842022116903633,0.0729684908789386,High,Regular School,IL,2016-2017,61483,20.2,illinois
90714.0,0.894280762564991,0.202637889688249,0.73444976076555,0.0720379146919431,High,Regular School,WA,2016-2017,99352,24.010989010989,washington
55956.0,0.669838945827233,0.507281553398058,0.438818565400844,0.115399610136452,High,Regular School,WA,2016-2017,98126,20.6410256410256,washington
66401.0,0.84052247873633,0.133699633699634,0.748251748251748,0.0552127314063007,High,Regular School,WA,2016-2017,98070,24.98778998779,washington
65427.0,0.448535807480429,0.387251542152159,0.531791907514451,0.0476816836566919,High,Regular School,IL,2016-2017,60106,19.8,illinois
65484.0,0.687697160883281,0.166666666666667,0.773056994818653,0.0607621009268795,High,Regular School,IL,2016-2017,61529,21.9,illinois
69797.0,0.813461538461538,0.237082066869301,0.668456375838926,0.0486155827430779,High,Regular School,WA,2016-2017,98005,22.4725274725275,washington
50087.0,0.774364406779661,0.33034379671151,0.721615720524017,0.0527165142549758,High,Regular School,IL,2016-2017,62301,19.5,illinois
76488.0,0.821685173089484,0.463080684596577,0.805996472663139,0.0555555555555556,High,Regular School,IL,2016-2017,60618,24.4,illinois
50236.0,0.281577325939618,0.706099058534589,0.800143781452193,0.118876080691643,High,Regular School,IL,2016-2017,60120,17.9,illinois
25357.0,0.434075342465753,0.596967782691093,0.183395291201983,0.0946083418107833,High,Regular School,IL,2016-2017,61832,17.9,illinois
39850.0,0.439622641509434,0.213740458015267,0.679752066115702,0.0986632718014004,High,Regular School,IL,2016-2017,61234,20.3,illinois
68600.0,0.493371757925072,0.363424577751893,0.744623655913978,0.0945626477541371,High,Regular School,IL,2016-2017,60131,19.9,illinois
69375.0,0.655016447368421,0.145833333333333,0.793388429752066,0.0599137931034483,High,Regular School,IL,2016-2017,61284,20.3,illinois
42628.0,0.608445297504798,0.958693563880884,0.278776978417266,0.306735751295337,High,Regular School,IL,2016-2017,60643,15.2,illinois
40975.0,0.356608478802993,0.606422018348624,0.639921722113503,0.0695389266817838,High,Regular School,WA,2016-2017,99344,19.0781440781441,washington
55386.0,0.579351535836177,0.454029511918275,0.748876684972541,0.14085792515972,High,Regular School,WA,2016-2017,99350,21.9108669108669,washington
34691.0,0.349356804333108,0.340277777777778,0.497690531177829,0.204011065006916,High,Regular School,IL,2016-2017,61364,19.1,illinois
44302.0,0.541687721071248,0.322344322344322,0.814627994955864,0.0778995960761685,High,Regular School,IL,2016-2017,62320,19.6,illinois
56442.0,0.615582743077914,0.3,0.825674690007294,0.123868163708801,High,Regular School,WA,2016-2017,98294,21.8864468864469,washington
42543.0,0.481722177091795,0.449664429530201,0.825503355704698,0.0911207183239109,High,Regular School,IL,2016-2017,62959,18.6,illinois
37500.0,0.634328358208955,0.375776397515528,0.646739130434783,0.15965965965966,High,Regular School,WA,2016-2017,98325,21.4957264957265,washington
31510.0,0.508104738154613,0.433333333333333,0.599383667180277,0.106780982073266,High,Regular School,IL,2016-2017,62644,19.0,illinois
153983.0,0.915488976823064,0.0356793743890518,0.934801762114537,0.0453648915187377,High,Regular School,WA,2016-2017,98075,25.6227106227106,washington
73750.0,0.737038186898479,0.228295819935691,0.814028314028314,0.0523699038780245,High,Regular School,IL,2016-2017,61755,22.1,illinois
44334.0,0.38074398249453,0.443349753694581,0.864332603938731,0.100334448160535,High,Regular School,WA,2016-2017,98816,20.3479853479853,washington
23882.0,0.525619834710744,0.449720670391061,0.578207381370826,0.104215456674473,High,Regular School,IL,2016-2017,62930,18.0,illinois
46278.0,0.605567226890756,0.313492063492063,0.500411184210526,0.104511522233041,High,Regular School,WA,2016-2017,98597,20.8119658119658,washington
43872.0,0.507246376811594,0.363128491620112,0.735074626865672,0.0875075437537719,High,Regular School,IL,2016-2017,61727,18.7,illinois
18750.0,0.567632850241546,0.963636363636364,0.294605809128631,0.279661016949153,High,Regular School,IL,2016-2017,60612,19.2,illinois
29607.0,0.508796622097115,0.436004162330905,0.453471196454948,0.0643522438611346,High,Regular School,IL,2016-2017,62650,18.9,illinois
49018.0,0.764505119453925,0.918414918414918,0.611428571428571,0.133858267716535,High,Regular School,IL,2016-2017,60628,15.7,illinois
57207.0,0.686131386861314,0.351709699930216,0.577565632458234,0.100354789660416,High,Regular School,WA,2016-2017,98498,20.1526251526252,washington
41894.0,0.400546448087432,0.624595469255663,0.760750586395622,0.145308924485126,High,Regular School,WA,2016-2017,98857,16.4163614163614,washington
52153.0,0.350703877500617,0.58756547483489,0.631899350649351,0.108000933053417,High,Regular School,IL,2016-2017,60085,17.3,illinois
73466.0,0.74562363238512,0.19553450608931,0.825253664036077,0.0816953316953317,High,Regular School,WA,2016-2017,99021,22.8144078144078,washington
73051.0,0.670624554737592,0.323338735818476,0.734527687296417,0.109382839939789,High,Regular School,WA,2016-2017,98271,20.982905982906,washington
86012.0,0.715724015398282,0.100294985250737,0.909985935302391,0.0507965133754133,High,Regular School,IL,2016-2017,60047,24.2,illinois
56958.0,0.595097594189741,0.221374045801527,0.648351648351648,0.0984780662488809,High,Regular School,IL,2016-2017,61018,21.7,illinois
57778.0,0.638310893512852,0.289855072463768,0.707042253521127,0.0684835779175402,High,Regular School,IL,2016-2017,61740,19.2,illinois
85156.0,0.764159702878366,0.269885376866968,0.725743855109961,0.0754257907542579,High,Regular School,IL,2016-2017,60516,21.9,illinois
39188.0,0.415855354659249,0.561538461538462,0.636494252873563,0.104666666666667,High,Regular School,IL,2016-2017,62458,18.7,illinois
32725.0,0.362426035502959,0.845144356955381,0.560033585222502,0.135657089024965,High,Regular School,IL,2016-2017,60608,17.4,illinois
52367.0,0.62977793957044,0.277008310249307,0.6,0.0503626107977438,High,Regular School,IL,2016-2017,62231,18.8,illinois
52009.0,0.778421633554084,0.339476813317479,0.619430693069307,0.0866043613707165,High,Regular School,WA,2016-2017,99223,22.008547008547,washington
58842.0,0.652469577666428,0.305956678700361,0.747176368375326,0.13151364764268,High,Regular School,WA,2016-2017,98513,19.1025641025641,washington
47262.0,0.676500508646999,0.434083601286174,0.475138121546961,0.10180412371134,High,Regular School,WA,2016-2017,98648,20.8608058608059,washington
23109.0,0.501704545454545,0.211822660098522,0.24765478424015,0.086410635155096,High,Regular School,IL,2016-2017,61025,22.0,illinois
63584.0,0.526801667659321,0.189526184538653,0.783659378596087,0.045863309352518,High,Regular School,IL,2016-2017,62615,20.1,illinois
101875.0,0.726770108792581,0.159631246967492,0.93339457969683,0.0374271205567049,High,Regular School,IL,2016-2017,60487,21.8,illinois
33430.0,0.438742783835792,0.653483992467043,0.462657613967022,0.141452344931921,High,Regular School,IL,2016-2017,61443,19.8,illinois
40526.0,0.371712864250178,0.952898550724638,0.172360248447205,0.0951625693893735,High,Regular School,IL,2016-2017,60641,16.1,illinois
32415.0,0.594288793103448,0.512010113780025,0.225558121632025,0.150862068965517,High,Regular School,IL,2016-2017,61866,18.4,illinois
40820.0,0.621234567901235,0.203588143525741,0.412256267409471,0.10984126984127,High,Regular School,WA,2016-2017,98665,23.4249084249084,washington
43578.0,0.494908350305499,0.206703910614525,0.804054054054054,0.0879811468970935,High,Regular School,IL,2016-2017,62631,20.0,illinois
36707.0,0.532671197072661,0.540540540540541,0.578606158833063,0.140418929402638,High,Regular School,WA,2016-2017,98586,19.6886446886447,washington
81632.0,0.793904958677686,0.139925373134328,0.769475357710652,0.0711764705882353,High,Regular School,WA,2016-2017,99026,21.2271062271062,washington
63327.0,0.595272551857212,0.331318016928658,0.689672544080605,0.0839868454338477,High,Regular School,WA,2016-2017,98424,21.4957264957265,washington
130545.0,0.869394435351882,0.115501519756839,0.960162052667117,0.0358819584171697,High,Regular School,IL,2016-2017,60061,25.0,illinois
53184.0,0.557702630166398,0.28719723183391,0.695424836601307,0.0848849945235487,High,Regular School,IL,2016-2017,61844,19.7,illinois
63942.0,0.62424590634875,0.174712643678161,0.808283233132932,0.0341215205028435,High,Regular School,IL,2016-2017,62298,21.8,illinois
104961.0,0.756294964028777,0.0567338282078473,0.926724137931034,0.0609695152423788,High,Regular School,IL,2016-2017,60451,22.8,illinois
105952.0,0.964580873671783,0.77683615819209,0.907949790794979,0.0383991346673878,High,Regular School,IL,2016-2017,60613,18.5,illinois
45018.0,0.516806722689076,0.304086538461538,0.755885997521685,0.116325181758097,High,Regular School,IL,2016-2017,62656,21.1,illinois
43277.0,0.484675694939416,0.546961325966851,0.354838709677419,0.135977337110482,High,Regular School,IL,2016-2017,61364,18.2,illinois
96518.0,0.871193210184723,0.165731264443711,0.76877133105802,0.116414435389988,High,Regular School,IL,2016-2017,60010,24.4,illinois
46982.0,0.667063020214031,0.340897878638382,0.508379888268156,0.123142250530786,High,Regular School,IL,2016-2017,60915,20.9,illinois
44466.0,0.618181818181818,0.293577981651376,0.652737752161383,0.0760869565217391,High,Regular School,IL,2016-2017,62016,21.1,illinois
88889.0,0.874925014997001,0.462585034013605,0.880143112701252,0.0608856088560886,High,Regular School,WA,2016-2017,98125,16.3919413919414,washington
59056.0,0.439873417721519,0.31980906921241,0.70446735395189,0.0893736805066854,High,Regular School,IL,2016-2017,62561,19.9,illinois
50742.0,0.616279069767442,0.287425149700599,0.708622398414272,0.0540123456790123,High,Regular School,IL,2016-2017,61956,20.8,illinois
59479.0,0.553818669048682,0.39419795221843,0.749131944444444,0.0773244781783681,High,Regular School,WA,2016-2017,98244,22.4969474969475,washington
31927.0,0.268576826196474,0.662128088754413,0.550883095037847,0.122231012658228,High,Regular School,WA,2016-2017,99301,16.3675213675214,washington
33229.0,0.333696837513631,0.978915662650602,0.215302491103203,0.320876288659794,High,Regular School,IL,2016-2017,60609,14.6,illinois
29034.0,0.555855855855856,0.35933147632312,0.609137055837564,0.0744849445324881,High,Regular School,IL,2016-2017,62439,18.5,illinois
55531.0,0.556918238993711,0.574358974358974,0.72520908004779,0.0918686473807662,High,Regular School,WA,2016-2017,98596,20.6410256410256,washington
35833.0,0.465419039869813,0.314935064935065,0.483807005948447,0.147991543340381,High,Regular School,IL,2016-2017,61462,19.9,illinois
31586.0,0.448763250883392,0.827655310621243,0.434653465346535,0.147912885662432,High,Regular School,IL,2016-2017,62206,15.9,illinois
70365.0,0.664921465968586,0.174817313097246,0.663329161451815,0.0756663800515907,High,Regular School,WA,2016-2017,98258,22.960927960928,washington
77206.0,0.70887573964497,0.0775577557755776,0.79080824088748,0.0276555625392835,High,Regular School,IL,2016-2017,62243,21.9,illinois
62034.0,0.765008576329331,0.183333333333333,0.949099451840251,0.0616740088105727,High,Regular School,WA,2016-2017,98370,23.962148962149,washington
54020.0,0.487564639251416,0.370588235294118,0.736463620981388,0.0644145433724592,High,Regular School,WA,2016-2017,98823,20.5921855921856,washington
41250.0,0.8084345961401,0.975957257346394,0.25531914893617,0.186259541984733,High,Regular School,IL,2016-2017,60616,14.9,illinois
64111.0,0.547266514806378,0.2569558101473,0.806256306760848,0.0759951749095295,High,Regular School,WA,2016-2017,98338,21.1294261294261,washington
18816.0,0.759353741496599,0.244660194174757,0.0434782608695652,0.217532467532468,High,Regular School,WA,2016-2017,98402,21.8131868131868,washington
36473.0,0.348017621145374,0.392670157068063,0.557719054242003,0.127057274522712,High,Regular School,IL,2016-2017,61074,18.8,illinois
130901.0,0.857108778625954,0.154367770243319,0.882149046793761,0.0432960893854749,High,Regular School,IL,2016-2017,60174,23.3,illinois
128750.0,0.959349593495935,0.0612171407994238,0.715652173913043,0.134296028880866,High,Regular School,IL,2016-2017,60521,26.7,illinois
81528.0,0.636579572446556,0.105714285714286,0.782705099778271,0.121664050235479,High,Regular School,IL,2016-2017,60109,22.9,illinois
63455.0,0.680765357502518,0.0865671641791045,0.803231390652049,0.073309241094476,High,Regular School,IL,2016-2017,62236,22.5,illinois
84688.0,0.613992762364294,0.295546558704453,0.778947368421053,0.0543933054393305,High,Regular School,WA,2016-2017,98360,21.1538461538462,washington
44511.0,0.652335456475584,0.763247863247863,0.8576,0.0819397993311037,High,Regular School,IL,2016-2017,60901,17.2,illinois
127050.0,0.915923566878981,0.22107969151671,0.969184890656064,0.0233022636484687,High,Regular School,IL,2016-2017,61761,22.7,illinois
18106.0,0.34733893557423,0.334975369458128,0.285714285714286,0.18974358974359,High,Regular School,IL,2016-2017,62379,18.2,illinois
65057.0,0.820359281437126,0.0807200929152149,0.684210526315789,0.059745347698335,High,Regular School,WA,2016-2017,98335,23.4981684981685,washington
36180.0,0.555899248784799,0.350299401197605,0.613003095975232,0.0344287949921753,High,Regular School,IL,2016-2017,62363,19.8,illinois
61125.0,0.530511463844797,0.375634517766497,0.644037780401417,0.108586830958799,High,Regular School,WA,2016-2017,98023,19.8840048840049,washington
11708.0,0.341176470588235,0.813186813186813,0.03,0.470219435736677,High,Regular School,IL,2016-2017,60609,18.5,illinois
60972.0,0.717647058823529,0.103125,0.866481223922114,0.054655107425556,High,Regular School,IL,2016-2017,61568,22.9,illinois
42827.0,0.265888978278359,0.626950354609929,0.6580259222333,0.0986460348162476,High,Regular School,IL,2016-2017,60505,17.1,illinois
33598.0,0.339451913133402,0.739046701974001,0.540357660705655,0.110478359908884,High,Regular School,WA,2016-2017,98902,18.7606837606838,washington
42805.0,0.386973180076628,0.604048582995951,0.602813852813853,0.0524271844660194,High,Regular School,WA,2016-2017,98148,18.3943833943834,washington
57111.0,0.459074733096085,0.311433986102337,0.685148514851485,0.156644770085902,High,Regular School,WA,2016-2017,98092,22.3015873015873,washington
50014.0,0.66374269005848,0.329842931937173,0.634862385321101,0.0619621342512909,High,Regular School,IL,2016-2017,62321,20.0,illinois
37491.0,0.586674358234785,0.570873786407767,0.524506217995611,0.108680792891319,High,Regular School,IL,2016-2017,62095,17.5,illinois
118005.0,0.841357308584687,0.111417539988969,0.921052631578947,0.0559974546611518,High,Regular School,IL,2016-2017,60013,23.3,illinois
42266.0,0.521039603960396,0.338164251207729,0.69620253164557,0.0770465489566613,High,Regular School,IL,2016-2017,62417,19.5,illinois
46639.0,0.468390804597701,0.495873452544704,0.367209971236817,0.10727969348659,High,Regular School,WA,2016-2017,98002,21.1782661782662,washington
44831.0,0.461908030199039,0.538421052631579,0.706860706860707,0.105263157894737,High,Regular School,IL,2016-2017,62040,17.9,illinois
154025.0,0.95970695970696,0.0317919075144509,0.827225130890052,0.0138424821002387,High,Regular School,WA,2016-2017,98040,26.7704517704518,washington
19568.0,0.439801699716714,0.832962138084632,0.0,0.428140703517588,High,Regular School,IL,2016-2017,60621,16.6,illinois
50441.0,0.73546511627907,0.330623306233062,0.511581733951026,0.0943745373797187,High,Regular School,IL,2016-2017,62221,20.2,illinois
48972.0,0.399236906000694,0.383980181668043,0.86119679210364,0.148355754857997,High,Regular School,IL,2016-2017,61008,18.5,illinois
80091.0,0.940537449971412,0.355871886120996,1.0,0.0383991346673878,High,Regular School,IL,2016-2017,60605,27.1,illinois
70851.0,0.669127225358228,0.263345195729537,0.71147880041365,0.0486111111111111,High,Regular School,IL,2016-2017,61843,21.8,illinois
46406.0,0.681246857717446,0.278186274509804,0.401724137931035,0.0835509138381201,High,Regular School,IL,2016-2017,62401,19.9,illinois
47404.0,0.516065573770492,0.340764331210191,0.678035470668486,0.0958904109589041,High,Regular School,IL,2016-2017,61546,18.5,illinois
38090.0,0.557239057239057,0.577536231884058,0.248581157775255,0.152965235173824,High,Regular School,WA,2016-2017,98663,20.0549450549451,washington
38770.0,0.564392410173597,0.684090909090909,0.42901878914405,0.0874200426439232,High,Regular School,WA,2016-2017,98168,18.003663003663,washington
105395.0,0.903764420157863,0.081165452653486,0.800123001230012,0.0450901803607214,High,Regular School,IL,2016-2017,60564,25.6,illinois
22360.0,0.845911949685535,0.205648720211827,0.54083885209713,0.100157551204141,High,Regular School,WA,2016-2017,98225,24.8656898656899,washington
62609.0,0.751388888888889,0.587654320987654,0.666666666666667,0.171428571428571,High,Regular School,IL,2016-2017,60419,16.6,illinois
48810.0,0.489159891598916,0.421686746987952,0.794416243654822,0.0375657400450789,High,Regular School,IL,2016-2017,62895,18.5,illinois
53777.0,0.525443110348771,0.329153605015674,0.778835978835979,0.0760456273764259,High,Regular School,IL,2016-2017,61338,20.4,illinois
82028.0,0.697602474864656,0.0552959501557632,0.806686046511628,0.0578358208955224,High,Regular School,IL,2016-2017,60451,23.0,illinois
59561.0,0.60844250363901,0.258181818181818,0.68993839835729,0.0791052918712493,High,Regular School,IL,2016-2017,60420,20.2,illinois
56063.0,0.68361581920904,0.302884615384615,0.488333333333333,0.0792452830188679,High,Regular School,WA,2016-2017,98257,21.2515262515263,washington
65273.0,0.588271227855834,0.380883066472586,0.916666666666667,0.0815884476534296,High,Regular School,IL,2016-2017,60018,20.4,illinois
48500.0,0.576726342710997,0.478805394990366,0.782729805013928,0.117747440273038,High,Regular School,WA,2016-2017,98584,22.1794871794872,washington
36736.0,0.765725288831836,0.362956810631229,0.580078125,0.0693686671862822,High,Regular School,WA,2016-2017,98362,22.8876678876679,washington
38818.0,0.367206338270754,0.462765957446808,0.713153724247227,0.141767068273092,High,Regular School,IL,2016-2017,60942,18.2,illinois
38400.0,0.559664694280079,0.461538461538462,0.489968321013728,0.0964325529542921,High,Regular School,IL,2016-2017,62033,19.5,illinois
39949.0,0.37630890052356,0.826570680628272,0.618303571428571,0.226841721371262,High,Regular School,IL,2016-2017,60617,16.9,illinois
38219.0,0.391331269349845,0.658064516129032,0.793545717832023,0.119477286869944,High,Regular School,WA,2016-2017,98848,20.2991452991453,washington
58657.0,0.625592417061611,0.256227758007117,0.643256185155627,0.0655673341185709,High,Regular School,IL,2016-2017,62558,20.0,illinois
59400.0,0.700072446269017,0.263642806520198,0.735446313065977,0.120143290162579,High,Regular School,IL,2016-2017,60452,20.7,illinois
73365.0,0.711919191919192,0.210526315789474,0.875121951219512,0.0953008344312692,High,Regular School,IL,2016-2017,62264,19.5,illinois
78138.0,0.641135390853796,0.302952971199417,0.777429467084639,0.055,High,Regular School,IL,2016-2017,60177,20.7,illinois
106250.0,0.87381158167675,0.146686159844055,0.821963394342762,0.109425785482124,High,Regular School,IL,2016-2017,60035,25.3,illinois
34865.0,0.595353339787028,0.241126070991432,0.339055793991416,0.0617433414043584,High,Regular School,IL,2016-2017,60610,29.4,illinois
47639.0,0.651529636711281,0.426640926640927,0.67332268370607,0.0601180891035964,High,Regular School,IL,2016-2017,62049,18.9,illinois
47083.0,0.646396396396396,0.51063829787234,0.290763968072976,0.196479738027016,High,Regular School,IL,2016-2017,60471,19.3,illinois
24671.0,0.361867704280156,0.587919463087248,0.549683662076665,0.11869618696187,High,Regular School,WA,2016-2017,99336,19.0781440781441,washington
100549.0,0.890962099125364,0.235719450469993,0.818360655737705,0.0886235072281584,High,Regular School,IL,2016-2017,60422,20.7,illinois
52765.0,0.600142045454545,0.291497975708502,0.676311030741411,0.0660247592847318,High,Regular School,IL,2016-2017,61842,21.3,illinois
50719.0,0.518609206660137,0.225683890577508,0.514285714285714,0.0976581963129048,High,Regular School,IL,2016-2017,60084,22.0,illinois
118389.0,0.910814170292107,0.101004759386568,0.842450765864333,0.0405455215628456,High,Regular School,WA,2016-2017,98052,25.6959706959707,washington
60938.0,0.756963575145393,0.319196428571429,0.547683923705722,0.0600796235975389,High,Regular School,WA,2016-2017,98226,23.2539682539683,washington
53701.0,0.584259537398618,0.57258064516129,0.640502354788069,0.071003963011889,High,Regular School,IL,2016-2017,62257,20.8,illinois
91758.0,0.74927421483241,0.230656934306569,0.948247978436658,0.0821831869510665,High,Regular School,WA,2016-2017,98642,22.0818070818071,washington
61543.0,0.603402646502836,0.195035460992908,0.732739420935412,0.0683039140445127,High,Regular School,IL,2016-2017,61063,21.0,illinois
64702.0,0.653208363374189,0.155555555555556,0.843870967741935,0.0496987951807229,High,Regular School,IL,2016-2017,61818,19.5,illinois
60119.0,0.519741564967696,0.0843091334894614,0.744230769230769,0.0673076923076923,High,Regular School,IL,2016-2017,62677,19.9,illinois
49792.0,0.67192429022082,0.352657004830918,0.894888408927286,0.0723747980613893,High,Regular School,IL,2016-2017,62360,18.4,illinois
58750.0,0.620723047127179,0.469225888324873,0.712727272727273,0.114393679148059,High,Regular School,IL,2016-2017,60631,19.2,illinois
30977.0,0.510928961748634,0.388571428571429,0.581314878892734,0.200488997555012,High,Regular School,IL,2016-2017,62931,18.9,illinois
35739.0,0.193548387096774,0.819867549668874,0.632823365785814,0.0983513359863559,High,Regular School,IL,2016-2017,60639,18.7,illinois
42196.0,0.620509243111266,0.21763085399449,0.660808435852373,0.055976430976431,High,Regular School,IL,2016-2017,62565,20.5,illinois
14005.0,0.395144976399191,0.952651515151515,0.0521327014218009,0.431528662420382,High,Regular School,IL,2016-2017,60827,17.7,illinois
125100.0,0.915,0.000265886732252061,0.910141206675225,0.0416961130742049,High,Regular School,IL,2016-2017,60069,26.5,illinois
53021.0,0.570319240724763,0.305882352941176,0.573122529644269,0.0603732162458836,High,Regular School,IL,2016-2017,62047,19.8,illinois
42870.0,0.390804597701149,0.803389830508475,0.254335260115607,0.241758241758242,High,Regular School,IL,2016-2017,60624,14.7,illinois
46602.0,0.539971448965025,0.4082774049217,0.82188679245283,0.117535903250189,High,Regular School,IL,2016-2017,60459,18.7,illinois
102206.0,0.804704129416773,0.0793036750483559,0.868862844472601,0.0570097604259095,High,Regular School,IL,2016-2017,60142,22.4,illinois
94507.0,0.93953488372093,0.952542372881356,0.572463768115942,0.0482204362801378,High,Regular School,IL,2016-2017,60622,15.7,illinois
42413.0,0.664923421740755,0.299287410926366,0.679377431906615,0.107307692307692,High,Regular School,IL,2016-2017,62626,21.1,illinois
63166.0,0.670496894409938,0.264150943396226,0.796545105566219,0.063758389261745,High,Regular School,WA,2016-2017,98226,21.5689865689866,washington
83074.0,0.628209000302024,0.252442360296991,0.915314043754411,0.0525472604934316,High,Regular School,IL,2016-2017,60543,20.8,illinois
50722.0,0.639605818864383,0.471164309031556,0.801670146137787,0.0423523064472619,High,Regular School,IL,2016-2017,60068,21.0,illinois
56750.0,0.466985645933014,0.180412371134021,0.711157455683003,0.135890410958904,High,Regular School,IL,2016-2017,60424,20.6,illinois
55905.0,0.63328530259366,0.228415300546448,0.732779097387173,0.0605055946953999,High,Regular School,IL,2016-2017,60450,21.6,illinois
62063.0,0.608221476510067,0.644645340751043,0.678986272439282,0.104506232023011,High,Regular School,WA,2016-2017,98409,17.5885225885226,washington
32397.0,0.69697975439761,0.55420773313116,0.628657921291625,0.103924418604651,High,Regular School,WA,2016-2017,98055,18.2967032967033,washington
62364.0,0.667829727843685,0.225118483412322,0.742537313432836,0.106172839506173,High,Regular School,WA,2016-2017,98155,24.1575091575092,washington
64335.0,0.655829596412556,0.210526315789474,0.748732802317161,0.0487619047619048,High,Regular School,IL,2016-2017,61010,22.3,illinois
74622.0,0.76166804750069,0.323353293413174,0.572413793103448,0.104521432765708,High,Regular School,WA,2016-2017,98092,21.7887667887668,washington
35625.0,0.589580686149936,0.310679611650485,0.561664190193165,0.0593220338983051,High,Regular School,IL,2016-2017,62837,18.6,illinois
56940.0,0.5809604759881,0.284280936454849,0.601173020527859,0.0820117806977798,High,Regular School,IL,2016-2017,62573,20.3,illinois
36926.0,0.469927826784282,0.496644295302013,0.626297577854671,0.106074342701723,High,Regular School,IL,2016-2017,62312,18.5,illinois
59325.0,0.631224066390041,0.244538834951456,0.585253456221198,0.0905739863085835,High,Regular School,WA,2016-2017,98390,21.984126984127,washington
45625.0,0.645625,0.548761201897733,0.495314591700134,0.109806629834254,High,Regular School,WA,2016-2017,98273,20.3968253968254,washington
63906.0,0.748518011855905,0.889369057908384,0.752878653675819,0.0279385854517996,High,Regular School,IL,2016-2017,60660,18.5,illinois
102629.0,0.857142857142857,0.1712506486767,0.896296296296296,0.0384615384615385,High,Regular School,IL,2016-2017,60089,23.3,illinois
85951.0,0.732801889577797,0.0978622327790974,0.880178457616316,0.0578120367625259,High,Regular School,IL,2016-2017,60056,24.4,illinois
42627.0,0.523836231071228,0.362244897959184,0.696540880503145,0.101981351981352,High,Regular School,IL,2016-2017,61362,19.6,illinois
135819.0,0.917078737162419,0.0286236297198538,0.807453416149068,0.0448328267477204,High,Regular School,IL,2016-2017,60015,26.4,illinois
44500.0,0.482442748091603,0.985576923076923,0.259206798866856,0.329,High,Regular School,IL,2016-2017,60628,14.4,illinois
44150.0,0.522736931576711,0.399561723886048,0.485625485625486,0.0867924528301887,High,Regular School,WA,2016-2017,98802,20.8119658119658,washington
21913.0,0.386964618249534,0.984126984126984,0.177958015267176,0.349729053772405,High,Regular School,IL,2016-2017,60644,14.0,illinois
77425.0,0.762384550797649,0.103286384976526,0.700716845878136,0.0997229916897507,High,Regular School,WA,2016-2017,98065,23.3760683760684,washington
82580.0,0.817640047675805,0.164584864070536,0.718259629101284,0.083873757025508,High,Regular School,IL,2016-2017,62629,22.5,illinois
96194.0,0.714924838940587,0.564444444444444,0.828860536735592,0.0857302951064625,High,Regular School,IL,2016-2017,60107,17.9,illinois
38200.0,0.552933243425489,0.68251841929002,0.555856465809072,0.104371799921229,High,Regular School,WA,2016-2017,99207,18.2967032967033,washington
45309.0,0.644880174291939,0.307692307692308,0.895280235988201,0.11276332094176,High,Regular School,IL,2016-2017,62454,20.3,illinois
43250.0,0.337933918862401,0.894073139974779,0.513491414554375,0.10188019239178,High,Regular School,IL,2016-2017,60629,17.7,illinois
53229.0,0.503298774740811,0.26986301369863,0.550943396226415,0.101066531234129,High,Regular School,IL,2016-2017,61764,19.7,illinois
50697.0,0.664142943670503,0.373309287646528,0.816378758797185,0.0348525469168901,High,Regular School,WA,2016-2017,99216,21.7643467643468,washington
40321.0,0.571506849315068,0.460271317829457,0.372763419483101,0.0635545556805399,High,Regular School,IL,2016-2017,61938,19.9,illinois
54773.0,0.565985130111524,0.296187683284457,0.74235807860262,0.075685903500473,High,Regular School,IL,2016-2017,62544,20.0,illinois
49527.0,0.688439606013479,0.281270252754375,0.721437740693196,0.0768166089965398,High,Regular School,WA,2016-2017,98277,21.3492063492064,washington
60385.0,0.569927243330639,0.198717948717949,0.819734345351044,0.0916955017301038,High,Regular School,IL,2016-2017,60940,19.6,illinois
39855.0,0.348979591836735,0.503703703703704,0.448466257668712,0.121663244353183,High,Regular School,IL,2016-2017,60033,17.9,illinois
55123.0,0.734401349072513,0.401614530776993,0.694415173867229,0.109459459459459,High,Regular School,WA,2016-2017,99362,22.2771672771673,washington
106570.0,0.840279510856002,0.088252832438879,0.851716247139588,0.0467914438502674,High,Regular School,WA,2016-2017,98296,23.2051282051282,washington
50781.0,0.55988219895288,0.226519337016575,0.702146690518784,0.101933216168717,High,Regular School,WA,2016-2017,99022,21.3003663003663,washington
42404.0,0.755347996384453,0.324942791762014,0.747211895910781,0.135907335907336,High,Regular School,WA,2016-2017,98368,23.5470085470085,washington
33232.0,0.571871768355739,0.535185185185185,0.56538762725137,0.224819143016138,High,Regular School,WA,2016-2017,98531,21.0561660561661,washington
102266.0,0.744749596122779,0.340632603406326,0.76980365605958,0.0970708446866485,High,Regular School,WA,2016-2017,98270,19.2735042735043,washington
48333.0,0.697125256673511,0.350378787878788,0.61283185840708,0.0911983032873807,High,Regular School,IL,2016-2017,62863,18.4,illinois
62755.0,0.561631944444444,0.784982935153584,0.668715083798883,0.123945489941596,High,Regular School,IL,2016-2017,61109,17.2,illinois
77772.0,0.708652482269504,0.298572996706915,0.885698198198198,0.0899621212121212,High,Regular School,WA,2016-2017,98671,21.5689865689866,washington
44470.0,0.532207907596624,0.396166134185303,0.725288831835687,0.0659369298931457,High,Regular School,IL,2016-2017,62239,18.5,illinois
31466.0,0.490909090909091,0.717777777777778,0.754310344827586,0.0984848484848485,High,Regular School,WA,2016-2017,98188,18.4188034188034,washington
171000.0,0.957697983275947,0.159950402975821,0.957230142566191,0.0458265139116203,High,Regular School,IL,2016-2017,60302,23.8,illinois
79844.0,0.637658837119754,0.225230769230769,0.745749613601236,0.111612638489947,High,Regular School,WA,2016-2017,98223,22.3504273504273,washington
34319.0,0.603838582677165,0.330855018587361,0.745358090185676,0.112352168199737,High,Regular School,WA,2016-2017,98862,23.9377289377289,washington
104375.0,0.732684602175157,0.0292207792207792,0.8125,0.0611802923659989,High,Regular School,IL,2016-2017,60423,23.1,illinois
32202.0,0.177609980302035,0.996273291925466,0.533460076045627,0.130252100840336,High,Regular School,WA,2016-2017,98951,17.1001221001221,washington
32879.0,0.600234466588511,0.98159509202454,0.767416934619507,0.237510237510238,High,Regular School,WA,2016-2017,99173,18.7606837606838,washington
20990.0,0.410885167464115,0.979310344827586,0.363741339491917,0.196192052980132,High,Regular School,IL,2016-2017,62060,15.9,illinois
47743.0,0.482204362801378,0.417391304347826,0.744710860366714,0.0521739130434783,High,Regular School,IL,2016-2017,62471,18.9,illinois
29805.0,0.134793597304128,0.987237921604376,0.385976408912189,0.142316017316017,High,Regular School,IL,2016-2017,60623,15.9,illinois
57117.0,0.553626782393056,0.418208373904576,0.855740922473013,0.109547123623011,High,Regular School,WA,2016-2017,98682,20.2014652014652,washington
50156.0,0.585234093637455,0.331210191082803,0.657975460122699,0.0833907649896623,High,Regular School,IL,2016-2017,61914,19.2,illinois
79435.0,0.735760422783324,0.291467576791809,0.85969387755102,0.108255216208044,High,Regular School,WA,2016-2017,98059,22.4969474969475,washington
60742.0,0.555994079921066,0.400386847195358,0.776572668112798,0.12316874660879,High,Regular School,IL,2016-2017,61065,19.3,illinois
47167.0,0.375232198142415,0.985815602836879,0.316929133858268,0.163650668764752,High,Regular School,WA,2016-2017,98952,16.5140415140415,washington
27647.62911913928,0.41920330164204134,0.888667992047714,0.44079713710323903,0.15194400493306276,High,Regular School,IL,2016-2017,60615,16.5,illinois
48967.0,0.630462724935733,0.291005291005291,0.539671682626539,0.0846726773814191,High,Regular School,WA,2016-2017,98366,21.0561660561661,washington
70793.0,0.835658914728682,0.143674507310871,0.797225186766275,0.0882479552303056,High,Regular School,WA,2016-2017,98011,23.4737484737485,washington
55040.0,0.531394275161588,0.195439739413681,0.715596330275229,0.14938205265986,High,Regular School,WA,2016-2017,98328,21.1782661782662,washington
114722.0,0.861919861631594,0.199728874830547,0.874407582938389,0.0589729119638826,High,Regular School,IL,2016-2017,60102,22.5,illinois
47295.0,0.623237450648618,0.3632,0.733612273361227,0.0690310322989234,High,Regular School,IL,2016-2017,61301,19.7,illinois
78232.0,0.656728128677913,0.613597246127367,0.888980944490472,0.0673117374842238,High,Regular School,WA,2016-2017,99301,18.6141636141636,washington
105255.0,0.750877192982456,0.104338275672707,0.825481798715203,0.0543219666931007,High,Regular School,WA,2016-2017,98042,22.8388278388278,washington
55772.0,0.610754659333944,0.386861313868613,0.794636015325671,0.0658450704225352,High,Regular School,WA,2016-2017,98611,19.6886446886447,washington
35427.0,0.462,0.523952095808383,0.70979020979021,0.112359550561798,High,Regular School,WA,2016-2017,98855,19.5665445665446,washington
41215.0,0.454474302113227,0.452196382428941,0.385802469135802,0.141414141414141,High,Regular School,WA,2016-2017,98198,20.5677655677656,washington
55498.0,0.453320500481232,0.275720164609054,0.541001064962726,0.11751283513976,High,Regular School,IL,2016-2017,60481,20.0,illinois
48272.0,0.462740384615385,0.8,0.476249228871067,0.138888888888889,High,Regular School,IL,2016-2017,60411,16.7,illinois
31454.0,0.543689320388349,0.505112474437628,0.532945736434108,0.276747503566334,High,Regular School,WA,2016-2017,98550,20.8119658119658,washington
82213.0,0.787744007907092,0.171251719394773,0.804773561811506,0.0791589363017935,High,Regular School,WA,2016-2017,98332,22.7167277167277,washington
70609.0,0.72579185520362,0.363494539781591,0.768518518518518,0.100927441352973,High,Regular School,IL,2016-2017,60077,22.1,illinois
54879.0,0.619498984427894,0.146496815286624,0.725848563968668,0.0721579305650102,High,Regular School,IL,2016-2017,61062,22.0,illinois
59016.0,0.765161725067385,0.264649066323245,0.563814866760168,0.0407124681933842,High,Regular School,IL,2016-2017,61761,21.8,illinois
52539.0,0.441200657894737,0.853394181403309,0.525870178739417,0.202948402948403,High,Regular School,IL,2016-2017,60634,16.8,illinois
65272.0,0.536286522148916,0.168316831683168,0.863736263736264,0.0767927724449464,High,Regular School,IL,2016-2017,60941,21.0,illinois
56679.0,0.670875054418807,0.182831661092531,0.657922350472193,0.0652715495764823,High,Regular School,WA,2016-2017,98290,22.8632478632479,washington
39144.0,0.473801065719361,0.384242424242424,0.54871447902571,0.0407608695652174,High,Regular School,WA,2016-2017,99338,22.1062271062271,washington
31466.0,0.490909090909091,0.763092269326683,0.754310344827586,0.0984848484848485,High,Regular School,WA,2016-2017,98188,14.8534798534799,washington
51719.0,0.76318359375,0.219078947368421,0.506008010680908,0.0631988332523092,High,Regular School,WA,2016-2017,98133,23.962148962149,washington
59911.0,0.732471068754255,0.286195286195286,0.906849315068493,0.132692307692308,High,Regular School,WA,2016-2017,98239,21.2026862026862,washington
11209.0,0.396840148698885,0.964,0.0443037974683544,0.170974155069582,High,Regular School,IL,2016-2017,60624,14.9,illinois
30875.0,0.379358437935844,0.762388818297332,0.0867052023121387,0.235865724381625,High,Regular School,IL,2016-2017,61605,15.5,illinois
21094.0,0.315729699034639,0.656198887798495,0.392178770949721,0.124507486209614,High,Regular School,IL,2016-2017,60432,17.6,illinois
68167.0,0.808715901530273,0.2385,0.840845070422535,0.132401618242001,High,Regular School,WA,2016-2017,98685,22.0573870573871,washington
64475.0,0.752562225475842,0.154920634920635,0.704697986577181,0.0479735318444996,High,Regular School,WA,2016-2017,99218,22.5946275946276,washington
47429.0,0.6214937478878,0.51604621309371,0.589541547277937,0.0654518408330234,High,Regular School,WA,2016-2017,98003,18.8339438339438,washington
57022.0,0.592833876221498,0.238532110091743,0.518226600985222,0.0363003480855296,High,Regular School,IL,2016-2017,61250,21.9,illinois
90641.0,0.754639578042586,0.199063231850117,0.828721017202693,0.0428082191780822,High,Regular School,IL,2016-2017,61745,19.8,illinois
42143.0,0.624858757062147,0.374045801526718,0.612602100350058,0.0443524541691307,High,Regular School,IL,2016-2017,61231,19.1,illinois
27399.0,0.237343241987924,0.851196670135276,0.666875391358798,0.0936046511627907,High,Regular School,WA,2016-2017,98948,16.1965811965812,washington
65508.0,0.666169617893756,0.451482479784367,0.700887573964497,0.10126582278481,High,Regular School,WA,2016-2017,98837,20.030525030525,washington
44334.0,0.38074398249453,0.637755102040816,0.864332603938731,0.100334448160535,High,Regular School,WA,2016-2017,98831,18.8827838827839,washington
27292.0,0.411433172302738,0.308351177730193,0.564935064935065,0.138211382113821,High,Regular School,IL,2016-2017,61350,20.3,illinois
20281.0,0.525541125541126,0.926409903713893,0.231182795698925,0.3557582668187,High,Regular School,IL,2016-2017,60620,17.1,illinois
43295.0,0.19769291964996,0.887111947318909,0.714757709251101,0.171582883257167,High,Regular School,IL,2016-2017,60632,17.0,illinois
81138.0,0.74812030075188,0.127450980392157,0.717307692307692,0.0597915523861766,High,Regular School,IL,2016-2017,62563,22.6,illinois
25769.0,0.395913154533844,0.565595134665508,0.406779661016949,0.399441340782123,High,Regular School,IL,2016-2017,60636,22.9,illinois
64453.0,0.610831234256927,0.123809523809524,0.744075829383886,0.070855614973262,High,Alternative School,WA,2016-2017,98108,25.6227106227106,washington
55793.0,0.619631901840491,0.348993288590604,0.827676240208877,0.0860335195530726,High,Regular School,IL,2016-2017,61418,18.2,illinois
73553.0,0.602116402116402,0.302158273381295,0.685714285714286,0.0758184951177484,High,Regular School,WA,2016-2017,98042,22.6923076923077,washington
88257.0,0.740751614797416,0.130769230769231,0.864900662251656,0.0526315789473684,High,Regular School,IL,2016-2017,60030,22.9,illinois
52566.0,0.54228855721393,0.193965517241379,0.584592145015106,0.05078125,High,Regular School,IL,2016-2017,61036,22.1,illinois
72368.0,0.822906641000962,0.801395939086294,0.882352941176471,0.099562363238512,High,Regular School,IL,2016-2017,60659,17.0,illinois
45781.0,0.497257053291536,0.612099644128114,0.560061208875287,0.0963529941467807,High,Regular School,WA,2016-2017,98146,16.3186813186813,washington
125919.0,0.939600363306085,0.223346303501946,0.887269193391642,0.0407002188183807,High,Regular School,IL,2016-2017,60504,23.3,illinois
84352.0,0.739847715736041,0.083088543852287,0.914184397163121,0.0559315995724973,High,Regular School,IL,2016-2017,60068,24.0,illinois
78790.0,0.9,0.796428571428571,0.795865633074935,0.0544554455445545,High,Regular School,IL,2016-2017,60618,18.0,illinois
93651.0,0.741126070991432,0.151547491995731,0.778058007566204,0.0829051044878383,High,Regular School,WA,2016-2017,98019,23.2051282051282,washington
57418.0,0.532386560443367,0.372037914691943,0.733296213808463,0.0612025769506084,High,Regular School,WA,2016-2017,98901,20.3235653235653,washington
65287.0,0.67868710861585,0.137575236457438,0.729341909945571,0.0904109589041096,High,Regular School,IL,2016-2017,62294,21.5,illinois
52896.0,0.551234892275355,0.277899343544858,0.571996027805363,0.122063037249284,High,Regular School,IL,2016-2017,61360,19.2,illinois
114917.0,0.818168145585802,0.092018779342723,0.953964194373402,0.0609661984874209,High,Regular School,IL,2016-2017,60585,22.5,illinois
27041.0,0.409591474245115,0.432764505119454,0.595454545454545,0.199172271081221,High,Regular School,WA,2016-2017,98626,20.5433455433455,washington
23472.0,0.333714285714286,0.978436657681941,0.115384615384615,0.357879234167894,High,Regular School,IL,2016-2017,60621,14.9,illinois
19279.0,0.51681706316653,0.991549295774648,0.0763888888888889,0.353135313531353,High,Regular School,IL,2016-2017,60621,14.2,illinois
57383.0,0.58459595959596,0.374325782092772,0.72876213592233,0.134343101745143,High,Regular School,IL,2016-2017,60098,20.2,illinois
44167.0,0.713661883967561,0.182926829268293,0.659411011523688,0.0786749482401656,High,Regular School,IL,2016-2017,62263,21.1,illinois
103988.0,0.852103120759837,0.153153153153153,0.939765186319551,0.0402280646183085,High,Regular School,IL,2016-2017,61517,21.8,illinois
47482.0,0.747511979358644,0.294573643410853,0.573901464713715,0.0678555893866899,High,Regular School,WA,2016-2017,98245,24.2063492063492,washington
64153.0,0.901704545454545,0.86455798864558,0.485185185185185,0.0644078144078144,High,Regular School,IL,2016-2017,60625,17.0,illinois
54797.0,0.503018108651911,0.25,0.751814223512337,0.0774287801314828,High,Regular School,IL,2016-2017,61006,19.8,illinois
48025.0,0.675940079486396,0.400709219858156,0.552686671318911,0.15100453661698,High,Regular School,IL,2016-2017,62234,19.5,illinois
63866.0,0.727076591154261,0.41254462009179,0.909090909090909,0.0613796849538294,High,Regular School,IL,2016-2017,60181,20.6,illinois
45114.0,0.558839933073062,0.495535714285714,0.75679347826087,0.0516169154228856,High,Regular School,IL,2016-2017,62311,17.7,illinois
82324.0,0.849148418491484,0.265689590379557,0.783905967450271,0.0459723352318959,High,Regular School,IL,2016-2017,60026,24.9,illinois
62558.0,0.784509202453988,0.390356977283264,0.536856745479833,0.0554730064388311,High,Regular School,IL,2016-2017,60077,21.8,illinois
80625.0,0.820707070707071,0.170454545454545,0.748427672955975,0.0744047619047619,High,Regular School,IL,2016-2017,60546,23.3,illinois
75467.0,0.754586466165414,0.149425287356322,0.650220264317181,0.0727036676403765,High,Regular School,WA,2016-2017,98275,24.9145299145299,washington
47868.0,0.644217371110079,0.406837606837607,0.648539778449144,0.135208220659816,High,Regular School,WA,2016-2017,98284,21.3247863247863,washington
39419.0,0.492666091458154,0.6,0.568927789934354,0.0593946316390634,High,Regular School,WA,2016-2017,98577,17.979242979243,washington
49145.0,0.704285714285714,0.428571428571429,0.362186788154898,0.0429362880886427,High,Regular School,IL,2016-2017,61616,18.8,illinois
46731.0,0.585408805031447,0.336122733612273,0.792017987633502,0.119928400954654,High,Regular School,WA,2016-2017,98248,22.3992673992674,washington
53438.0,0.568065506653019,0.3375,0.747412008281574,0.100215517241379,High,Regular School,IL,2016-2017,61728,19.1,illinois
25068.0,0.736631016042781,0.899824253075571,0.224137931034483,0.233140655105973,High,Regular School,IL,2016-2017,60649,16.2,illinois
63906.0,0.748518011855905,0.857988165680473,0.752878653675819,0.0279385854517996,High,Regular School,IL,2016-2017,60660,19.0,illinois
55507.0,0.670385030586542,0.219206680584551,0.801749271137026,0.0904856952761144,High,Regular School,IL,2016-2017,61530,21.9,illinois
64107.0,0.837628865979381,0.200757575757576,0.754583921015515,0.0804535637149028,High,Regular School,WA,2016-2017,98260,23.962148962149,washington
70357.0,0.799293513166346,0.0864240727781665,0.613314447592068,0.104841295286951,High,Regular School,IL,2016-2017,60540,24.7,illinois
44073.0,0.794871794871795,0.273177636234961,0.610997963340122,0.1494140625,High,Regular School,WA,2016-2017,98466,22.8388278388278,washington
47426.0,0.661411925976696,0.541580041580042,0.643550624133148,0.0998233215547703,High,Regular School,WA,2016-2017,98632,21.1538461538462,washington
72077.0,0.704004879040455,0.387485648679679,0.685007571933367,0.0554357204486626,High,Regular School,WA,2016-2017,98001,21.0561660561661,washington
52961.0,0.583333333333333,0.287671232876712,0.812260536398467,0.0539640239840107,High,Regular School,IL,2016-2017,61467,21.4,illinois
66667.0,0.603938730853392,0.209756097560976,0.817712811693895,0.0344526820758831,High,Regular School,IL,2016-2017,62424,19.8,illinois
120401.0,0.848007774538387,0.064051638530288,0.937981651376147,0.0366197183098592,High,Regular School,IL,2016-2017,60175,23.4,illinois
52581.0,0.766666666666667,0.11214953271028,0.546044098573281,0.123411978221416,High,Regular School,WA,2016-2017,98383,24.0842490842491,washington
80786.0,0.942302507414397,0.0668002672010688,0.667420814479638,0.0380689655172414,High,Regular School,WA,2016-2017,98004,24.8412698412698,washington
43078.0,0.704138988247317,0.55522609340252,0.561042524005487,0.0395578824898197,High,Regular School,IL,2016-2017,61401,18.9,illinois
58372.0,0.551858513189448,0.214035087719298,0.862811028917283,0.0657306955966816,High,Regular School,IL,2016-2017,62347,20.6,illinois
9500.0,0.427027027027027,0.784274193548387,0.0120689655172414,0.313131313131313,High,Regular School,IL,2016-2017,60616,17.4,illinois
64735.0,0.690757914934442,0.438529088913282,0.592592592592593,0.116353458616553,High,Regular School,WA,2016-2017,98684,20.8608058608059,washington
65758.0,0.560824230387289,0.385892116182573,0.755890052356021,0.110744891232696,High,Regular School,IL,2016-2017,60549,20.2,illinois
66250.0,0.626584143825523,0.311409395973154,0.680574555403557,0.0907845152449469,High,Regular School,IL,2016-2017,62010,19.5,illinois
87782.0,0.840480274442539,0.124849578820698,0.834108527131783,0.0759018759018759,High,Regular School,IL,2016-2017,60462,22.2,illinois
46144.0,0.465915826911678,0.397810218978102,0.704156479217604,0.0987341772151899,High,Regular School,IL,2016-2017,60938,19.1,illinois
31711.0,0.656300268096515,0.364229765013055,0.640124095139607,0.096113074204947,High,Regular School,WA,2016-2017,99403,21.2759462759463,washington
79867.0,0.598376313276027,0.281867145421903,0.828606658446362,0.0539314516129032,High,Regular School,IL,2016-2017,61774,20.1,illinois
44524.0,0.599399849962491,0.49079754601227,0.727047146401985,0.0842696629213483,High,Regular School,IL,2016-2017,62442,19.4,illinois
82727.0,0.741954022988506,0.160222531293463,0.855714285714286,0.0865603644646925,High,Regular School,IL,2016-2017,60441,21.8,illinois
27559.0,0.529515418502203,0.989208633093525,0.287977632805219,0.212833545108005,High,Regular School,IL,2016-2017,60644,14.7,illinois
49630.0,0.551156583629893,0.404458598726115,0.591743119266055,0.0684729064039409,High,Regular School,IL,2016-2017,61342,20.8,illinois
44977.0,0.692960135708227,0.451754385964912,0.483152173913043,0.0887863155036655,High,Regular School,IL,2016-2017,61821,20.1,illinois
72436.0,0.703528016602431,0.182278481012658,0.835044490075291,0.0405654578979717,High,Regular School,IL,2016-2017,62293,20.6,illinois
31319.0,0.468433734939759,0.672539489671932,0.619900497512438,0.183783783783784,High,Regular School,IL,2016-2017,60153,16.0,illinois
32917.0,0.618957345971564,0.46962962962963,0.686018957345972,0.123842592592593,High,Regular School,IL,2016-2017,62002,19.4,illinois
14494.0,0.51417004048583,0.453237410071942,0.161676646706587,0.217765042979943,High,Regular School,WA,2016-2017,99205,21.6666666666667,washington
28289.0,0.493545183714002,0.471724137931034,0.624096385542169,0.121287128712871,High,Regular School,IL,2016-2017,61520,19.1,illinois
39608.0,0.275235766678309,0.9830220713073,0.699182242990654,0.231381055676067,High,Regular School,IL,2016-2017,60629,15.3,illinois
102266.0,0.744749596122779,0.28780487804878,0.76980365605958,0.0970708446866485,High,Regular School,WA,2016-2017,98270,21.959706959707,washington
14326.0,0.842323651452282,0.188841201716738,0.405940594059406,0.102678571428571,High,Regular School,WA,2016-2017,99163,24.4749694749695,washington
50245.0,0.717048497470991,0.291858678955453,0.597396094141212,0.0573844759891272,High,Regular School,WA,2016-2017,98942,20.6898656898657,washington
62531.0,0.504686035613871,0.109803921568627,0.651310563939635,0.0931477516059957,High,Regular School,IL,2016-2017,60030,22.1,illinois
42996.0,0.708654670094259,0.544767441860465,0.645161290322581,0.0325688073394495,High,Regular School,IL,2016-2017,61201,17.6,illinois
61406.0,0.606936416184971,0.228682170542636,0.739237392373924,0.0745179781136008,High,Regular School,IL,2016-2017,61533,20.8,illinois
35985.0,0.399458972046889,0.457831325301205,0.567765567765568,0.0749756572541383,High,Regular School,IL,2016-2017,62664,18.4,illinois
67389.0,0.637846655791191,0.190019193857965,0.911791179117912,0.0634526763559022,High,Regular School,WA,2016-2017,98629,22.4969474969475,washington
63194.0,0.751650584052819,0.375685102142501,0.657616892911011,0.138964577656676,High,Regular School,IL,2016-2017,60162,17.0,illinois
36563.0,0.513650151668352,0.601190476190476,0.704439252336449,0.11739397664413,High,Regular School,IL,2016-2017,62999,18.0,illinois
54531.0,0.756395120031484,0.409131602506714,0.646817248459959,0.0935727788279773,High,Regular School,IL,2016-2017,62959,20.0,illinois
55833.0,0.672195416164053,0.290437890974084,0.63181526619628,0.0787153652392947,High,Regular School,IL,2016-2017,62052,19.6,illinois
47140.0,0.355329949238579,0.54028563729453,0.643318965517241,0.170559094125973,High,Regular School,IL,2016-2017,60506,18.7,illinois
75413.0,0.602065912444663,0.386763812993321,0.680286006128703,0.110836677987033,High,Regular School,WA,2016-2017,98387,20.4945054945055,washington
43147.0,0.697271546123863,0.665791776027997,0.472642607683353,0.158351409978308,High,Regular School,WA,2016-2017,98499,17.3199023199023,washington
70350.0,0.757871396895787,0.182011030971574,0.6875,0.0805709023941068,High,Regular School,IL,2016-2017,60169,23.0,illinois
44500.0,0.591762252346194,0.406896551724138,0.574850299401198,0.127443881245474,High,Regular School,WA,2016-2017,98612,21.4957264957265,washington
36678.0,0.609220636663008,0.521846661170651,0.656597774244833,0.128911138923655,High,Regular School,WA,2016-2017,98337,21.1782661782662,washington
72225.0,0.670009115770283,0.240972222222222,0.88248502994012,0.0603112840466926,High,Regular School,WA,2016-2017,98604,22.5702075702076,washington
42246.0,0.668366164542294,0.945820433436533,0.467166979362101,0.0677966101694915,High,Regular School,IL,2016-2017,60626,15.8,illinois
34273.0,0.490316901408451,0.646258503401361,0.604203152364273,0.135164835164835,High,Regular School,IL,2016-2017,62882,18.0,illinois
69481.0,0.611751152073733,0.14176245210728,0.819018404907976,0.0828779599271403,High,Regular School,IL,2016-2017,60552,22.4,illinois
51083.0,0.672544080604534,0.246527777777778,0.646098003629764,0.0516870064608758,High,Regular School,WA,2016-2017,98250,22.7411477411477,washington
34958.0,0.47037037037037,0.433544303797468,0.378957169459963,0.125070422535211,High,Regular School,IL,2016-2017,61846,16.9,illinois
48516.0,0.729214340198322,0.294736842105263,0.734643734643735,0.0514905149051491,High,Regular School,IL,2016-2017,62939,19.7,illinois
78314.0,0.811820330969267,0.647823629169022,0.96,0.0570555272542028,High,Regular School,IL,2016-2017,61114,18.1,illinois
39430.0,0.480486781368023,0.449720670391061,0.526143790849673,0.120858609426038,High,Regular School,IL,2016-2017,62286,18.0,illinois
90434.0,0.814638371589433,0.0728476821192053,0.895596239485403,0.0416182283189956,High,Regular School,IL,2016-2017,62693,22.9,illinois
92134.0,0.895893819991705,0.145620022753129,0.732406602953953,0.0605504587155963,High,Regular School,IL,2016-2017,60126,24.2,illinois
61985.0,0.609191307445672,0.344709897610922,0.878393051031487,0.102178217821782,High,Regular School,WA,2016-2017,98922,21.2026862026862,washington
38108.0,0.844890510948905,0.629444444444444,0.453277545327755,0.094391244870041,High,Regular School,IL,2016-2017,60615,19.5,illinois
67443.0,0.693004529441369,0.371747211895911,0.704968944099379,0.158675799086758,High,Regular School,IL,2016-2017,60201,23.9,illinois
53523.0,0.483160621761658,0.344195519348269,0.624497991967871,0.160700685453161,High,Regular School,IL,2016-2017,60408,20.3,illinois
36500.0,0.420350609756098,0.323671497584541,0.739837398373984,0.0742049469964664,High,Regular School,IL,2016-2017,62353,20.6,illinois
134063.0,0.928688974218321,0.0341931613677265,0.78584729981378,0.0431458219552157,High,Regular School,IL,2016-2017,60045,26.1,illinois
47955.0,0.606403748535728,0.223803363518758,0.834965034965035,0.127446897126197,High,Regular School,IL,2016-2017,60706,20.5,illinois
77422.0,0.703010577705452,0.293532338308458,0.671726755218216,0.0719357826489657,High,Regular School,WA,2016-2017,98042,22.8876678876679,washington
48750.0,0.48885077186964,0.711934156378601,0.689144736842105,0.0857699805068226,High,Regular School,IL,2016-2017,60964,17.4,illinois
34866.0,0.574062301335029,0.563786008230453,0.596129032258064,0.136833731105807,High,Regular School,IL,2016-2017,62822,18.2,illinois
43864.0,0.542611190817791,0.261510128913444,0.597578347578348,0.10012836970475,High,Regular School,IL,2016-2017,62246,20.7,illinois
39144.0,0.473801065719361,0.290189125295508,0.54871447902571,0.0407608695652174,High,Regular School,WA,2016-2017,99336,23.5225885225885,washington
40606.0,0.547972972972973,0.456140350877193,0.660550458715596,0.12755905511811,High,Regular School,IL,2016-2017,62884,19.1,illinois
63324.0,0.752757352941177,0.205284552845528,0.721978021978022,0.0516194331983806,High,Regular School,IL,2016-2017,62269,23.1,illinois
33520.0,0.620846609012289,0.413897280966767,0.716849451645065,0.143546441495778,High,Regular School,WA,2016-2017,99006,21.3003663003663,washington
39427.0,0.520576131687243,0.462406015037594,0.595194085027726,0.0817661488143908,High,Regular School,IL,2016-2017,62084,18.5,illinois
32444.0,0.458663646659117,0.612827715355805,0.55219414893617,0.114532960040723,High,Regular School,WA,2016-2017,98030,20.5433455433455,washington
45444.0,0.582195245321194,0.396103896103896,0.696897374701671,0.051296194153337,High,Regular School,IL,2016-2017,61443,19.4,illinois
12208.0,0.76547619047619,0.483271375464684,0.146883005977797,0.0995834911018554,High,Regular School,IL,2016-2017,62901,21.2,illinois
53361.0,0.476470588235294,0.27536231884058,0.8082497212932,0.111540585311982,High,Regular School,IL,2016-2017,62044,20.2,illinois
30475.0,0.705838876570584,0.352014010507881,0.412825651302605,0.0894187779433681,High,Regular School,IL,2016-2017,61455,21.4,illinois
89583.0,0.983492615117289,0.452177817691962,0.79,0.0301507537688442,High,Regular School,IL,2016-2017,60614,22.4,illinois
33449.0,0.120884773662551,0.963483146067416,0.687414500683995,0.210234278668311,High,Regular School,IL,2016-2017,60623,16.6,illinois
56622.0,0.611913357400722,0.24468085106383,0.666951323654996,0.0756214748276582,High,Regular School,IL,2016-2017,60950,21.0,illinois
84301.0,0.876371420925876,0.0565286624203822,0.695825049701789,0.0705289672544081,High,Regular School,WA,2016-2017,98110,25.8913308913309,washington
77444.0,0.892702936096718,0.159178433889602,0.759856630824373,0.062979683972912,High,Regular School,WA,2016-2017,98117,23.4737484737485,washington
29965.0,0.559504577275175,0.452449567723343,0.599051008303677,0.114242193450114,High,Regular School,WA,2016-2017,99156,20.2258852258852,washington
37128.0,0.516483516483517,0.458860759493671,0.542518837459634,0.107088220295767,High,Regular School,WA,2016-2017,98331,19.2490842490842,washington
47424.0,0.646200301962758,0.356382978723404,0.550573514077164,0.0403309203722854,High,Regular School,IL,2016-2017,62881,20.1,illinois
48342.0,0.592675635276532,0.474022183304145,0.428801287208367,0.0654577620521893,High,Regular School,IL,2016-2017,61244,18.3,illinois
61488.0,0.544717887154862,0.27807486631016,0.770222743259086,0.168027019420208,High,Regular School,IL,2016-2017,60050,20.4,illinois
45821.0,0.649798199316982,0.35211970074813,0.513323983169706,0.0773480662983425,High,Regular School,IL,2016-2017,61554,19.9,illinois
29324.0,0.286249331193151,0.961832061068702,0.552238805970149,0.110032362459547,High,Regular School,IL,2016-2017,60639,16.6,illinois
99688.0,0.74588403722262,0.363588667366212,0.933447098976109,0.107086614173228,High,Regular School,IL,2016-2017,60169,20.6,illinois
82917.0,0.678132678132678,0.513513513513513,0.769539078156313,0.0257234726688103,High,Regular School,WA,2016-2017,99320,19.4200244200244,washington
37036.0,0.455512858409696,0.463662790697674,0.564367816091954,0.103597122302158,High,Regular School,WA,2016-2017,98801,22.008547008547,washington
39079.0,0.592379583033789,0.292011019283747,0.527670527670528,0.07,High,Regular School,IL,2016-2017,62681,19.1,illinois
99748.0,0.819775849602314,0.275926794931957,0.857142857142857,0.082089552238806,High,Regular School,IL,2016-2017,60543,20.8,illinois
28058.0,0.255763688760807,0.983870967741935,0.475183823529412,0.198240866035183,High,Regular School,IL,2016-2017,60623,17.0,illinois
87074.0,0.811175928768806,0.0775800711743772,0.972794117647059,0.07986838169309,High,Regular School,IL,2016-2017,60439,22.4,illinois
56136.0,0.670743639921722,0.211111111111111,0.796769851951548,0.0277207392197125,High,Regular School,IL,2016-2017,62271,20.6,illinois
71396.0,0.806156659555014,0.20045045045045,0.816,0.0522462562396007,High,Regular School,WA,2016-2017,98034,23.6202686202686,washington
39591.0,0.425192193968066,0.530612244897959,0.774577954319762,0.118429807052562,High,Regular School,IL,2016-2017,62838,19.3,illinois
66458.0,0.749038461538462,0.425143629604596,0.940677966101695,0.0703125,High,Regular School,IL,2016-2017,60435,19.7,illinois
48359.0,0.662076271186441,0.485471296952516,0.777777777777778,0.0720338983050847,High,Regular School,IL,2016-2017,61701,19.8,illinois
33460.0,0.347743165924984,0.526902704209646,0.528716216216216,0.0809968847352025,High,Regular School,IL,2016-2017,60440,19.2,illinois
42042.0,0.569628229363579,0.37607223476298,0.409190371991247,0.107916102841678,High,Regular School,IL,2016-2017,62223,19.6,illinois
56511.0,0.331259720062208,0.289940828402367,0.849591280653951,0.053469387755102,High,Regular School,IL,2016-2017,61911,21.9,illinois
50682.0,0.625093353248693,0.380434782608696,0.581395348837209,0.0954356846473029,High,Regular School,IL,2016-2017,61277,18.9,illinois
57688.0,0.649339207048458,0.285714285714286,0.642969984202212,0.0356435643564356,High,Regular School,IL,2016-2017,62548,20.7,illinois
113108.0,0.721324095458045,0.320826952526799,0.921435499515034,0.0549493374902572,High,Regular School,IL,2016-2017,60103,21.5,illinois
42476.0,0.513776337115073,0.342281879194631,0.743157894736842,0.0532276330690827,High,Regular School,WA,2016-2017,99185,21.4468864468864,washington
47824.0,0.471493212669683,0.294579172610556,0.592923794712286,0.149682278183102,High,Regular School,IL,2016-2017,61008,19.7,illinois
37225.0,0.531974701335207,0.425641025641026,0.457496136012365,0.240637450199203,High,Regular School,IL,2016-2017,62946,19.3,illinois
61480.0,0.610931174089069,0.311244979919679,0.728019720624486,0.077388672719412,High,Regular School,IL,2016-2017,62079,20.0,illinois
66667.0,0.540569020021075,0.241176470588235,0.889842632331903,0.121029572836802,High,Regular School,WA,2016-2017,98321,21.6910866910867,washington
76830.0,0.77027583367641,0.145022738756948,0.833968012185834,0.114159292035398,High,Regular School,WA,2016-2017,98607,23.1562881562882,washington
25323.0,0.411067193675889,0.976744186046512,0.142430278884462,0.359375,High,Regular School,IL,2016-2017,60609,15.4,illinois
11358.0,0.442577030812325,0.416376306620209,0.0,0.272030651340996,High,Regular School,IL,2016-2017,60622,20.5,illinois
27647.0,0.202631578947368,0.991847826086957,0.454417952314165,0.294117647058824,High,Regular School,IL,2016-2017,60609,14.8,illinois
31897.0,0.484739676840215,0.977973568281938,0.241379310344828,0.323727185398655,High,Regular School,IL,2016-2017,60636,14.3,illinois
28488.0,0.44244105409154,0.987704918032787,0.149805447470817,0.253346080305927,High,Regular School,IL,2016-2017,60644,16.6,illinois
66944.0,0.585762064022934,0.12962962962963,0.822170900692841,0.102983638113571,High,Regular School,IL,2016-2017,60051,20.7,illinois
40123.0,0.51008174386921,0.413669064748201,0.605616605616606,0.102996254681648,High,Regular School,IL,2016-2017,61410,18.5,illinois
39129.0,0.50931430836306,0.403547671840355,0.661717921527041,0.0764367816091954,High,Regular School,IL,2016-2017,62906,19.1,illinois
57500.0,0.631554085970713,0.245437382001259,0.523316062176166,0.0936084549572219,High,Regular School,WA,2016-2017,98371,22.3260073260073,washington
21913.0,0.386964618249534,0.978978978978979,0.177958015267176,0.349729053772405,High,Regular School,IL,2016-2017,60644,15.4,illinois
21638.0,0.505882352941176,0.971774193548387,0.0420054200542005,0.298863636363636,High,Regular School,IL,2016-2017,60619,14.4,illinois
34137.0,0.454070201643017,0.532663316582915,0.568483063328424,0.110913930789707,High,Regular School,IL,2016-2017,62092,17.7,illinois
82232.0,0.680913064594463,0.204571428571429,0.867141162514828,0.0733015494636472,High,Regular School,WA,2016-2017,98311,21.4468864468864,washington
63736.0,0.799697428139183,0.150074294205052,0.888571428571429,0.0940521535306182,High,Regular School,IL,2016-2017,60004,24.7,illinois
65755.0,0.645038167938931,0.227272727272727,0.786648313833448,0.067684331797235,High,Regular School,IL,2016-2017,61275,20.1,illinois
57128.0,0.605359317904994,0.331325301204819,0.664130434782609,0.0824601366742597,High,Regular School,IL,2016-2017,62515,19.8,illinois
41250.0,0.8084345961401,0.853658536585366,0.25531914893617,0.186259541984733,High,Regular School,IL,2016-2017,60616,16.8,illinois
62037.0,0.672727272727273,0.366219415943173,0.709844559585492,0.0622489959839357,High,Regular School,WA,2016-2017,98406,21.2026862026862,washington
64810.0,0.624744897959184,0.229216152019002,0.845479082321188,0.146808510638298,High,Regular School,WA,2016-2017,98503,21.4957264957265,washington
62106.0,0.624725877192982,0.545126353790614,0.67887323943662,0.0591664237831536,High,Regular School,IL,2016-2017,61080,19.3,illinois
45943.0,0.411313131313131,0.987068965517241,0.549364021804967,0.0809646856158484,High,Regular School,WA,2016-2017,98812,17.5152625152625,washington
49688.0,0.517873941674506,0.346072186836518,0.719928186714542,0.0815694372741353,High,Regular School,WA,2016-2017,98815,22.7411477411477,washington
58026.0,0.546986721144024,0.309941520467836,0.790890269151139,0.0520504731861199,High,Regular School,IL,2016-2017,60927,20.2,illinois
70575.0,0.779913205207688,0.403642524354087,0.815745393634841,0.0697821281970319,High,Regular School,IL,2016-2017,60148,20.3,illinois
68348.0,0.882581271227559,0.973913043478261,0.742857142857143,0.032624814631735,High,Regular School,IL,2016-2017,60622,15.0,illinois
54766.0,0.604626143087682,0.212328767123288,0.782163742690059,0.0557491289198606,High,Regular School,IL,2016-2017,61252,20.1,illinois
46386.0,0.311406155703078,0.568397543271915,0.567433188315724,0.171654626762986,High,Regular School,IL,2016-2017,60501,18.7,illinois
46533.0,0.563737133808393,0.467479674796748,0.494920174165457,0.115126484254001,High,Regular School,WA,2016-2017,98564,20.982905982906,washington
72279.0,0.638062871707732,0.211038961038961,0.941414141414141,0.0445235975066785,High,Regular School,IL,2016-2017,61814,19.3,illinois
40681.0,0.72018654230513,0.289632473944048,0.565492321589883,0.0747854515733551,High,Regular School,WA,2016-2017,98683,23.7423687423687,washington
56444.0,0.674897119341564,0.191666666666667,0.794520547945205,0.0643051771117166,High,Regular School,IL,2016-2017,60550,21.4,illinois
44848.0,0.559351476548929,0.368038740920097,0.711538461538462,0.113716295427902,High,Regular School,IL,2016-2017,62690,19.9,illinois
37726.0,0.585519922254616,0.298816568047337,0.560275545350172,0.0648481729284611,High,Regular School,IL,2016-2017,61951,20.2,illinois
64236.0,0.74129515131793,0.0831721470019342,0.829201101928375,0.054654442877292,High,Regular School,IL,2016-2017,61856,21.8,illinois
29729.0,0.482448979591837,0.461716937354988,0.625,0.0909090909090909,High,Regular School,WA,2016-2017,99109,20.6410256410256,washington
50568.0,0.564158329708569,0.346534653465347,0.718367346938775,0.114529105537151,High,Regular School,IL,2016-2017,62014,20.0,illinois
63963.0,0.745017584994138,0.184695323571091,0.897800776196636,0.0567964262922782,High,Regular School,IL,2016-2017,60515,23.6,illinois
119041.0,0.836593059936908,0.140501319261214,0.838340486409156,0.0477611940298507,High,Regular School,WA,2016-2017,98008,25.5982905982906,washington
111094.0,0.885135135135135,0.322736030828516,0.911479944674965,0.0521172638436482,High,Regular School,IL,2016-2017,60060,21.0,illinois
57955.0,0.951393389500972,0.625961538461538,0.89294403892944,0.0253786328284896,High,Regular School,IL,2016-2017,61801,19.9,illinois
66921.0,0.758076094759512,0.42997542997543,0.805295950155763,0.0498707055781308,High,Regular School,IL,2016-2017,60115,19.7,illinois
122750.0,0.945822994210091,0.222768532526475,0.862378459237098,0.0449632511889321,High,Regular School,IL,2016-2017,60502,23.9,illinois
65000.0,0.650997150997151,0.302570093457944,0.870204603580563,0.0463857750289911,High,Regular School,WA,2016-2017,98264,22.2039072039072,washington
45781.0,0.497257053291536,0.755813953488372,0.560061208875287,0.0963529941467807,High,Regular School,WA,2016-2017,98146,15.5372405372405,washington
43958.0,0.219929453262787,0.993150684931507,0.727697622434465,0.0888962876643915,High,Regular School,WA,2016-2017,99357,18.8095238095238,washington
57417.0,0.664053751399776,0.462264150943396,0.806451612903226,0.0615711252653928,High,Regular School,IL,2016-2017,62869,18.4,illinois
40324.0,0.59002169197397,0.546728971962617,0.45375,0.259649122807018,High,Regular School,WA,2016-2017,99116,18.003663003663,washington
73058.0,0.917611663966674,0.332988624612203,0.772540983606557,0.0367071524966262,High,Regular School,WA,2016-2017,98116,19.9084249084249,washington
43359.0,0.669126691266913,0.361268403171008,0.586885245901639,0.0878112712975098,High,Regular School,WA,2016-2017,99212,21.3980463980464,washington
29953.0,0.500367107195301,0.724318658280922,0.336270190895742,0.143399810066477,High,Regular School,IL,2016-2017,62521,17.5,illinois
59643.0,0.613091380427738,0.377840909090909,0.810126582278481,0.0541110330288124,High,Regular School,IL,2016-2017,61760,19.0,illinois
54874.0,0.583616383616384,0.346521145975443,0.793318233295583,0.0750769230769231,High,Regular School,WA,2016-2017,98528,20.5189255189255,washington
60861.0,0.718339836821568,0.12748171368861,0.688819875776397,0.0546534653465347,High,Regular School,IL,2016-2017,61548,22.4,illinois
49556.0,0.456218627997769,0.612403100775194,0.640217391304348,0.0971049457177322,High,Regular School,WA,2016-2017,98923,17.4664224664225,washington
45575.0,0.261627906976744,0.569460842188115,0.592180653859117,0.214005235602094,High,Regular School,IL,2016-2017,60110,18.8,illinois
36436.0,0.269686411149826,0.971297359357061,0.60836820083682,0.130023640661939,High,Regular School,IL,2016-2017,60639,15.9,illinois
64911.0,0.478330658105939,0.842718446601942,0.722564734895191,0.128329297820823,High,Regular School,IL,2016-2017,60634,17.8,illinois
62106.0,0.624725877192982,0.142042755344418,0.67887323943662,0.0591664237831536,High,Regular School,IL,2016-2017,61072,22.6,illinois
87941.0,0.8,0.524100994644223,0.663702506063056,0.0942750466708152,High,Regular School,WA,2016-2017,98144,18.9316239316239,washington
51364.0,0.676646706586826,0.771106941838649,0.362824675324675,0.227683049147442,High,Regular School,IL,2016-2017,60466,17.9,illinois
62463.0,0.575557994877424,0.151724137931034,0.782679738562091,0.0580464371497198,High,Regular School,IL,2016-2017,61753,22.0,illinois
71530.0,0.637526652452026,0.199607329842932,0.837927756653992,0.0744326777609682,High,Regular School,WA,2016-2017,98374,22.4725274725275,washington
48508.0,0.626171143035603,0.448398576512456,0.665587044534413,0.0868588543616623,High,Regular School,WA,2016-2017,98840,20.6654456654457,washington
91375.0,0.696796840719614,0.124555160142349,0.850642927794263,0.0788781770376862,High,Regular School,IL,2016-2017,60046,22.5,illinois
64421.0,0.56873977086743,0.297507788161994,0.617399438727783,0.0446927374301676,High,Regular School,WA,2016-2017,98252,23.5958485958486,washington
55116.0,0.558226897069872,0.234567901234568,0.901639344262295,0.0476575121163166,High,Regular School,IL,2016-2017,61051,19.2,illinois
41451.0,0.490724269377382,0.227840199750312,0.310126582278481,0.172025723472669,High,Regular School,WA,2016-2017,98272,21.8864468864469,washington
72073.0,0.721565430085609,0.163987138263666,0.777777777777778,0.0298634812286689,High,Regular School,IL,2016-2017,61273,21.4,illinois
56854.0,0.650021159542954,0.201005025125628,0.808680248007086,0.0396317053642914,High,Regular School,IL,2016-2017,62278,21.1,illinois
33965.0,0.672645739910314,0.428940568475452,0.609605911330049,0.0778045838359469,High,Regular School,IL,2016-2017,62832,20.0,illinois
65972.0,0.815298507462687,0.719686162624822,0.764331210191083,0.0843881856540084,High,Regular School,IL,2016-2017,60643,17.9,illinois
60114.0,0.519498134961004,0.427431059506531,0.580439404677534,0.129448709002094,High,Regular School,IL,2016-2017,60445,17.9,illinois
46939.0,0.633583959899749,0.281618887015177,0.577102803738318,0.144335825186889,High,Regular School,WA,2016-2017,98563,21.3736263736264,washington
33500.0,0.516414141414141,0.969240048250905,0.379746835443038,0.132764920828258,High,Regular School,IL,2016-2017,60608,16.6,illinois
46146.0,0.372592592592593,0.86041439476554,0.46078431372549,0.130781499202552,High,Regular School,IL,2016-2017,60629,17.4,illinois
17294.0,0.476923076923077,0.489482200647249,0.0638655462184874,0.180059523809524,High,Regular School,IL,2016-2017,62864,18.7,illinois
39693.0,0.557458563535912,0.432835820895522,0.697283311772316,0.0481550969355847,High,Regular School,IL,2016-2017,62916,19.4,illinois
73529.0,0.743530320587099,0.3714131023281,0.925806451612903,0.0873083475298126,High,Regular School,WA,2016-2017,98003,19.3223443223443,washington
45432.0,0.57006603081438,0.436363636363636,0.833898305084746,0.118117229129663,High,Regular School,WA,2016-2017,98570,21.9352869352869,washington
54028.0,0.558380008616975,0.423231742380679,0.425064599483204,0.0914841849148419,High,Regular School,WA,2016-2017,98387,20.3235653235653,washington
84542.0,0.782201405152225,0.86265366680797,0.866548042704626,0.0164986251145738,High,Regular School,IL,2016-2017,60641,16.4,illinois
95208.0,0.785198555956679,0.0807291666666667,0.851727982162765,0.065083135391924,High,Regular School,IL,2016-2017,60012,23.8,illinois
50969.0,0.376739009460211,0.290519877675841,0.494230769230769,0.0515953835709437,High,Regular School,IL,2016-2017,62233,19.2,illinois
46197.0,0.570633263743911,0.306976744186047,0.639312977099237,0.0593978844589097,High,Regular School,IL,2016-2017,61542,20.1,illinois
54293.0,0.676699029126214,0.349462365591398,0.819277108433735,0.0705645161290323,High,Regular School,IL,2016-2017,61475,19.9,illinois
39133.0,0.715780296425458,0.257861635220126,0.746492048643592,0.0470178493687418,High,Regular School,WA,2016-2017,98926,22.5702075702076,washington
91970.0,0.855530474040632,0.125773195876289,0.751412429378531,0.0553209459459459,High,Regular School,WA,2016-2017,98033,23.7423687423687,washington
47960.0,0.650088183421517,0.351800554016621,0.590074779061863,0.0309945504087193,High,Regular School,WA,2016-2017,98672,22.5946275946276,washington
52717.0,0.511871508379888,0.25,0.79607250755287,0.11304347826087,High,Regular School,IL,2016-2017,61531,20.0,illinois
57083.0,0.506011315417256,0.396659707724426,0.728350045578851,0.122260107160253,High,Regular School,WA,2016-2017,99003,22.9120879120879,washington
62500.0,0.589316239316239,0.380638063806381,0.751710654936461,0.159287776708373,High,Regular School,IL,2016-2017,60453,19.2,illinois
60556.0,0.532516493873704,0.576,0.649940262843489,0.12737843551797,High,Regular School,IL,2016-2017,60954,18.1,illinois
47165.0,0.516954193932183,0.393162393162393,0.658788774002954,0.0809815950920245,High,Regular School,IL,2016-2017,62341,18.8,illinois
91591.0,0.772804532577904,0.197885196374622,0.8928046989721,0.0707908163265306,High,Regular School,IL,2016-2017,60002,21.2,illinois
62258.0,0.641921397379913,0.218543046357616,0.745341614906832,0.0437441204139229,High,Regular School,IL,2016-2017,61816,19.5,illinois
48232.0,0.750262329485834,0.252279635258359,0.719242902208202,0.0229053646775166,High,Regular School,WA,2016-2017,99111,23.009768009768,washington
97778.0,0.921547555077915,0.132262051915946,0.711761457758145,0.067051652229708,High,Regular School,WA,2016-2017,98028,24.98778998779,washington
48545.0,0.537400530503979,0.281220657276995,0.610476190476191,0.0710754017305315,High,Regular School,WA,2016-2017,98604,21.3980463980464,washington
34583.0,0.577739529546758,0.412650602409639,0.714490674318508,0.13777441332324,High,Regular School,IL,2016-2017,62995,21.0,illinois
47050.0,0.448398576512456,0.287179487179487,0.616991643454039,0.0763052208835341,High,Regular School,IL,2016-2017,62694,20.0,illinois
62367.0,0.497057092407298,0.319634703196347,0.844602609727165,0.0468902637577336,High,Regular School,WA,2016-2017,98826,20.8363858363858,washington
51250.0,0.781467425679949,0.125041569670768,0.61822125813449,0.0736873508353222,High,Regular School,IL,2016-2017,60563,25.1,illinois
69481.0,0.611751152073733,0.147540983606557,0.819018404907976,0.0828779599271403,High,Regular School,IL,2016-2017,60541,21.3,illinois
28624.0,0.178382884134482,0.915971062882582,0.584177835894083,0.162177816391544,High,Regular School,WA,2016-2017,98944,15.4151404151404,washington
34721.0,0.495760598503741,0.431216931216931,0.640287769784173,0.177740863787375,High,Regular School,IL,2016-2017,60970,19.1,illinois
48561.0,0.631947687996263,0.229398663697105,0.758208955223881,0.0661691542288557,High,Regular School,IL,2016-2017,60957,20.3,illinois
71794.0,0.736683649837888,0.11340206185567,0.707698815566836,0.0178571428571429,High,Regular School,IL,2016-2017,61873,21.3,illinois
108906.0,0.830152671755725,0.0521472392638037,0.809052333804809,0.0735189150606709,High,Regular School,IL,2016-2017,60048,25.7,illinois
52930.0,0.589827344843677,0.373188405797101,0.712172923777019,0.0730804810360777,High,Regular School,IL,2016-2017,62411,20.2,illinois
66063.0,0.582626060908637,0.517345399698341,0.677685950413223,0.087651598676957,High,Regular School,IL,2016-2017,60101,19.1,illinois
50662.0,0.54487917146145,0.364912280701754,0.764842840512224,0.110490378646803,High,Regular School,IL,2016-2017,62468,18.6,illinois
35109.0,0.632258064516129,0.352040816326531,0.553956834532374,0.0399500624219725,High,Regular School,WA,2016-2017,99114,22.2283272283272,washington
56667.0,0.806011775643012,0.335573940020683,0.861553784860558,0.083180987202925,High,Regular School,IL,2016-2017,60007,22.3,illinois
62051.0,0.528439474963539,0.269607843137255,0.861219195849546,0.0264150943396226,High,Regular School,IL,2016-2017,61238,19.3,illinois
67263.0,0.673710073710074,0.503307607497244,0.8515625,0.128667009778693,High,Regular School,IL,2016-2017,60463,19.4,illinois
48633.0,0.541224489795918,0.335135135135135,0.678707224334601,0.0468343451864701,High,Regular School,IL,2016-2017,61537,18.5,illinois
60563.0,0.639544025157233,0.291961414790997,0.612676056338028,0.0753270184934596,High,Regular School,WA,2016-2017,98037,23.0830280830281,washington
95139.0,0.921730830416799,0.12739965095986,0.937300743889479,0.0414731254147313,High,Regular School,WA,2016-2017,98115,24.8901098901099,washington
46444.0,0.547945205479452,0.417391304347826,0.525103366804489,0.162705667276051,High,Regular School,WA,2016-2017,98541,21.4224664224664,washington
46366.0,0.630329195898543,0.25531914893617,0.556461001164144,0.0563765736179529,High,Regular School,WA,2016-2017,99352,23.0830280830281,washington
53750.0,0.674275138803208,0.322033898305085,0.782805429864253,0.05359565807327,High,Regular School,IL,2016-2017,60465,20.3,illinois
49556.0,0.456218627997769,0.344086021505376,0.640217391304348,0.0971049457177322,High,Regular School,WA,2016-2017,98937,19.4200244200244,washington
42241.0,0.666847237269772,0.59771986970684,0.600334448160535,0.143847487001733,High,Regular School,IL,2016-2017,61032,19.3,illinois
97188.0,0.878174603174603,0.1988821611551,0.843340234644583,0.0784734133790738,High,Regular School,IL,2016-2017,60187,23.8,illinois
79091.0,0.785226816539542,0.238157322903086,0.84375,0.0813253012048193,High,Regular School,IL,2016-2017,60194,22.3,illinois
23438.0,0.627906976744186,0.514218009478673,0.482926829268293,0.110112359550562,High,Regular School,WA,2016-2017,98624,21.7399267399267,washington
64382.0,0.696032672112019,0.233606557377049,0.807479813004675,0.0341896486588591,High,Regular School,IL,2016-2017,61880,21.3,illinois
65840.0,0.792639138240575,0.239352640545145,0.762177650429799,0.0799481417458946,High,Regular School,IL,2016-2017,60178,21.4,illinois
90140.0,0.797845373891001,0.191629955947137,0.833419823559938,0.0211764705882353,High,Regular School,IL,2016-2017,61853,23.7,illinois
53295.0,0.492712740949694,0.669218989280245,0.56198347107438,0.121398205007085,High,Regular School,IL,2016-2017,60123,17.6,illinois
37975.0,0.569286142771446,0.78405524168236,0.302828618968386,0.216918429003021,High,Regular School,IL,2016-2017,60409,16.9,illinois
44250.0,0.753703703703704,0.457417582417582,0.738714090287278,0.065123010130246,High,Regular School,IL,2016-2017,62948,19.4,illinois
37716.0,0.455696202531646,0.372687224669604,0.517602283539486,0.090951932139491,High,Regular School,WA,2016-2017,98233,21.7887667887668,washington
65673.0,0.713379835129994,0.280815569972196,0.659926470588235,0.0266106442577031,High,Regular School,WA,2016-2017,98133,22.9365079365079,washington
32500.0,0.549267643142477,0.550774526678141,0.508100147275405,0.166347992351816,High,Regular School,IL,2016-2017,62896,18.6,illinois
78066.0,0.863728129205922,0.0910569105691057,0.903930131004367,0.101664254703329,High,Regular School,IL,2016-2017,61525,24.8,illinois
46893.0,0.592249089102352,0.198507462686567,0.755284552845528,0.0959313176558417,High,Regular School,IL,2016-2017,61523,20.4,illinois
46844.0,0.640316205533597,0.308139534883721,0.702944942381562,0.0428658909981629,High,Regular School,IL,2016-2017,62449,19.3,illinois
42795.0,0.581829760135852,0.479224376731302,0.571643286573146,0.106382978723404,High,Regular School,WA,2016-2017,98620,23.6691086691087,washington
33720.0,0.856123215627348,0.422203532380151,0.715346534653465,0.0517958412098299,High,Regular School,IL,2016-2017,61820,20.5,illinois
